sessionID,playerID,gameType,difficultyLevel,sessionDuration,score,deaths,completed,timestamp,lapsCompleted,bestLapTime,avgLapTime,totalRaceTime,collisions,maxSpeed,avgSpeed,consistency,speedEfficiency,collisionRate,lapTimeVariance,completionRate,drivingSmoothness,timeEfficiency,speedConsistencyScore,racingPerformanceIndex,cleanRacingScore
6acaeffc-f45b-46a3-a874-15edfaabe957,1,Racing,Easy,153.04,1050,0,True,11/1/2026 16:59,3.0,50.57998,51.01185,153.0356,1.0,30.0,29.80731,0.9904134,0.9615261290322581,0.25,0.43187000000000353,1.1761630946157868,2.857142857142857,0.9915144909566903,0.9523083626436775,0.7481334895316065,2.8297525714285716
cebdef88-7877-43ef-bc35-70692e4fe106,1,Racing,Medium,122.3,600,0,True,11/1/2026 17:01,3.0,39.57999,40.76645,122.2993,10.0,40.0,37.64244,0.9677507,0.9181082926829268,2.5,1.1864599999999967,1.4717906786590353,0.3846153846153846,0.9708723503677568,0.8884999429197072,0.7331881269995888,0.37221180769230766
e0a4feba-27ba-40c8-b19d-87c63db21fc1,1,Racing,Hard,109.4,350,0,True,11/1/2026 17:03,3.0,35.01999,36.4664,109.3992,15.0,45.0,42.08964,0.9675337,0.9149921739130435,3.75,1.4464100000000002,1.6453382084095063,0.2597402597402597,0.9603094818934171,0.8852857634971305,0.7598116484445468,0.25130745454545456
db40bc77-97a4-4bab-b42c-776524c34978,2,Racing,Easy,177.94,1000,0,True,11/1/2026 17:13,3.0,56.61655,59.31217,177.9365,2.0,30.0,26.1274,0.9629455,0.8428193548387097,0.5,2.6956200000000052,1.0115769360458582,1.6666666666666667,0.9545358981824779,0.8115891050548387,0.6593727262045259,1.6049091666666668
b35ad4ab-920c-4e46-ab6d-33d7b6154708,2,Racing,Medium,177.94,50,0,True,11/1/2026 17:16,3.0,57.81998,59.31197,177.9359,21.0,40.0,26.76684,0.9795161,0.6528497560975609,5.25,1.4919900000000013,1.0115769360458582,0.1869158878504673,0.9748286083128193,0.639476846978634,0.5864279609429147,0.18308712149532713
c84e9c3b-728d-4622-8f9f-8dcf666cda8f,2,Racing,Hard,172.66,0,0,True,11/1/2026 17:20,3.0,53.77833,57.55276,172.6583,39.0,45.0,27.1807,0.9419612,0.5908847826086957,9.75,3.7744300000000024,1.0425112938723504,0.10152284263959391,0.9344016794037435,0.5565905388878262,0.5651794018273335,0.09563057868020305
9e2573ea-b17b-40f0-af8c-90112eb35cbf,3,Racing,Easy,160.9,250,0,True,11/1/2026 17:29,3.0,51.07999,53.63238,160.8971,17.0,30.0,28.88616,0.9517793,0.9318116129032258,4.25,2.5523899999999955,1.1187072715972652,0.2298850574712644,0.9523917754204566,0.8868790046609032,0.6685843044529197,0.2187998390804598
19977a02-8ed7-4f59-b508-c3cf2c141081,3,Racing,Medium,49.41,0,1,False,11/1/2026 17:30,1.0,43.47988,43.47988,49.40567,32.0,40.0,35.97134,1.0,0.8773497560975609,16.0,0.0,1.2143290831815423,0.06211180124223602,0.9999770013854365,0.8773497560975609,0.6801728748063692,0.06211180124223602
599396be-371f-4f4b-a007-94bf52366588,3,Racing,Hard,119.36,0,1,False,11/1/2026 17:33,2.0,55.89474,56.21736,119.361,52.0,45.0,27.91241,0.9942612,0.6067915217391304,17.333333333333332,0.3226200000000006,1.0053619302949062,0.05736137667304015,0.9942435175981654,0.6033092665541738,0.5749358771371441,0.057032191204588904
b320861f-734b-445e-8b04-00b311c7721e,4,Racing,Easy,151.3,1000,0,True,11/1/2026 19:53,3.0,50.05998,50.43298,151.299,2.0,30.0,29.63272,0.9919314,0.9558941935483871,0.5,0.37299999999999756,1.1896893588896231,1.6666666666666667,0.9925843647477357,0.9481814656583226,0.725630115064779,1.653219
73c4a339-5116-494e-915b-2a2a862944d2,4,Racing,Medium,118.32,0,0,True,11/1/2026 19:55,3.0,38.87999,39.43989,118.3197,28.0,40.0,38.56696,0.9872481,0.9406575609756098,7.0,0.559899999999999,1.521298174442191,0.14084507042253522,0.9857787184822656,0.9286623898238049,0.7473693815610754,0.1390490281690141
71141a69-5355-4a44-9c0c-a3fc95e74c65,4,Racing,Hard,108.52,0,0,True,11/1/2026 19:58,3.0,35.15999,36.17324,108.5197,41.0,45.0,42.59165,0.9660769,0.9259054347826087,10.25,1.0132499999999993,1.6586804275709548,0.0966183574879227,0.9719620923618576,0.8944958521279348,0.7612161926441574,0.09334076328502415
89692629-d345-4cb4-8dd3-081e515c1b3a,5,Racing,Easy,153.16,650,0,True,12/1/2026 0:24,3.0,50.73998,51.05322,153.1597,9.0,30.0,29.80899,0.9956353,0.9615803225806452,2.25,0.3132400000000004,1.1752415774353617,0.425531914893617,0.9938449750089219,0.9573833129466774,0.7006612402083771,0.42367459574468086
6edde4c1-3337-4b3b-936a-bc0581922621,5,Racing,Medium,126.52,0,0,True,12/1/2026 0:26,3.0,40.77998,42.17327,126.5198,25.0,40.0,36.73416,0.9677295,0.8959551219512196,6.25,1.3932900000000004,1.4226999683844452,0.15748031496062992,0.9669397952827636,0.8670422021882928,0.7146287763301727,0.15239834645669292
c8d63e69-8daf-4c24-8f43-bdcdc341d1d0,5,Racing,Hard,130.2,0,1,False,12/1/2026 0:29,2.0,44.83998,45.23888,130.2026,59.0,45.0,31.36098,0.9911823,0.6817604347826087,19.666666666666668,0.3989000000000047,0.9216589861751153,0.0505902192242833,0.9911604540065092,0.6757488757968261,0.5783258290939627,0.05014412984822934
25b06afa-8e8c-4a60-bbeb-124d962fd263,6,Racing,Easy,152.36,1000,0,True,12/1/2026 0:35,3.0,50.23998,50.78585,152.3575,2.0,30.0,29.64653,0.9889514,0.9563396774193548,0.5,0.5458700000000007,1.181412444211079,1.6666666666666667,0.9892320551481338,0.9457734628594193,0.7235678905590043,1.6482523333333334
e9f20f06-0493-4766-b522-4fe788971b3c,6,Racing,Medium,122.88,200,0,True,12/1/2026 0:37,3.0,38.31998,40.95998,122.8799,18.0,40.0,36.99871,0.9446009,0.9024075609756098,4.5,2.6400000000000006,1.46484375,0.2173913043478261,0.9355240035760863,0.8524149942643658,0.718931972580859,0.20534802173913044
047d472c-f148-46b5-b7f8-2ac7295cae33,6,Racing,Hard,125.0,900,0,True,12/1/2026 0:40,3.0,39.29999,41.66525,124.9957,4.0,45.0,36.69645,0.9588065,0.7977489130434783,1.0,2.3652599999999993,1.44,0.9090909090909091,0.943209192091921,0.7648868431940218,0.7058646714426877,0.8716422727272727
803d8292-4e48-47ca-879c-1fbc0e6b70b5,7,Racing,Easy,152.9,350,0,True,12/1/2026 22:35,3.0,50.01998,50.96542,152.8963,15.0,30.0,29.51606,0.9853881,0.9521309677419355,3.75,0.9454400000000049,1.1772400261608893,0.2597402597402597,0.98143012595352,0.9382185252543871,0.6927662006456585,0.255944961038961
67b4b590-4164-4293-8b3f-5f4d84fccb0b,7,Racing,Medium,80.21,0,1,False,12/1/2026 22:37,1.0,40.49982,40.49982,80.20743,26.0,40.0,37.1819,1.0,0.9068756097560975,13.0,0.0,0.7480364044383494,0.07633587786259542,0.999975309141889,0.9068756097560975,0.6073567034023354,0.07633587786259542
17542687-2689-4b32-8165-de0a0195a143,7,Racing,Hard,56.16,0,1,False,12/1/2026 22:38,1.0,37.45824,37.45824,56.156,23.0,45.0,40.68964,1.0,0.8845573913043477,11.5,0.0,1.0683760683760684,0.08620689655172414,0.9999733043169056,0.8845573913043477,0.6572651951588308,0.08620689655172414
3aac336c-8fa2-4c48-8054-f3eee526d7dd,8,Racing,Easy,153.34,1100,0,True,12/1/2026 22:46,3.0,50.87998,51.11207,153.3362,0.0,30.0,29.78556,0.9938531,0.9608245161290323,0.0,0.23208999999999946,1.173862005999739,10.0,0.9954397182560156,0.9549184239108388,0.8912779862678131,9.938531000000001
cf569cc9-2c8d-4b57-aba0-70f4082bae39,8,Racing,Medium,118.72,50,0,True,12/1/2026 22:48,3.0,38.75998,39.57174,118.7152,21.0,40.0,38.6959,0.9795647,0.9438024390243903,5.25,0.8117599999999996,1.5161725067385445,0.1869158878504673,0.9794616192864078,0.9245155530421951,0.7462714771761798,0.18309620560747664
968a6e33-841f-4135-812f-2cbf18809b1a,8,Racing,Hard,37.11,0,1,False,12/1/2026 22:49,0.0,0.0,0.0,37.10745,27.0,45.0,36.12452,1.0,0.785315652173913,27.0,0.0,0.0,0.03690036900369004,0.0,0.785315652173913,0.447066920423552,0.03690036900369004
f42f6a4d-9a5e-40f7-acb2-2cc83c41fefe,9,Racing,Easy,154.38,1100,0,True,14/1/2026 16:53,3.0,50.91998,51.45878,154.3763,0.0,30.0,29.78848,0.9892846,0.9609187096774193,0.0,0.5387999999999948,1.165954139137194,10.0,0.9895102544161675,0.9506220813357419,0.8887945118344345,9.892845999999999
7fc8050b-3544-4a75-b867-db1185e26f90,9,Racing,Medium,120.01,500,0,True,14/1/2026 16:56,3.0,39.73129,40.00375,120.0113,12.0,40.0,38.68962,0.9944001,0.9436492682926829,3.0,0.27245999999999526,1.4998750104157985,0.3225806451612903,0.9931643117379813,0.9383649267551707,0.7498423817741634,0.3207742258064516
1a4dd88f-532d-48f5-a057-caa214cd71ec,9,Racing,Hard,108.31,150,0,True,14/1/2026 16:58,3.0,34.63998,36.10489,108.3147,19.0,45.0,41.94281,0.9623606,0.9118002173913043,4.75,1.4649099999999962,1.661896408457206,0.2061855670103093,0.9593996990518723,0.8774806042888261,0.7595072357877459,0.19842486597938147
22cd3bb9-a5e1-4b68-8cb6-25adee569017,11,Racing,Easy,154.08,1000,0,True,20/1/2026 20:09,3.0,50.99998,51.35918,154.0775,2.0,30.0,29.83909,0.9909227,0.9625512903225806,0.5,0.3592000000000013,1.1682242990654206,1.6666666666666667,0.9929867847036362,0.9538139234949354,0.7233373449326701,1.6515378333333335
26e90134-6fdd-457a-9653-37e9df98e486,11,Racing,Medium,119.0,300,0,True,20/1/2026 20:18,3.0,38.75999,39.66658,118.9997,16.0,40.0,38.72359,0.9808388,0.9444778048780488,4.0,0.9065900000000013,1.5126050420168067,0.24390243902439027,0.977120106646284,0.9263804767632196,0.7472828302521008,0.23922897560975612
959c2918-7b67-4311-9427-22bc52c90d58,11,Racing,Hard,106.38,0,0,True,20/1/2026 20:21,3.0,35.33998,35.45951,106.3785,31.0,45.0,43.12989,0.9952332,0.9376063043478261,7.75,0.11953000000000458,1.6920473773265652,0.12738853503184713,0.9966010077125229,0.9331369226162609,0.7778050241141586,0.12678129936305732
9d670b97-0f76-45d7-969b-af9539b005ca,10,Racing,Easy,155.42,1100,0,True,20/1/2026 20:46,3.0,51.53998,51.80604,155.4181,0.0,30.0,29.81642,0.9961511,0.96182,0.0,0.26606000000000307,1.1581521039763223,10.0,0.9948451021328375,0.958118051002,0.8893898281463133,9.961511
51b2c6d1-e9ca-4b6f-9611-7c592077a8fc,10,Racing,Medium,119.42,400,0,True,20/1/2026 20:49,3.0,38.54001,39.80635,119.4191,14.0,40.0,38.29867,0.9635291,0.9341139024390244,3.5,1.2663399999999996,1.5072852118573103,0.2777777777777778,0.9681631658475132,0.9000459277145609,0.7401237337318834,0.2676469722222222
33385221-96d3-40e9-979e-2603243b216f,10,Racing,Hard,108.96,0,0,True,20/1/2026 20:51,3.0,35.64001,36.31837,108.9551,38.0,45.0,42.39887,0.9867831,0.9217145652173914,9.5,0.678360000000005,1.6519823788546257,0.10416666666666667,0.9812948297285993,0.9095323559803696,0.7643399082279895,0.10278990625000001
ba8bb6ae-a63d-431a-b273-99ddaae3c199,12,Racing,Easy,153.15,1050,0,True,26/1/2026 1:46,3.0,50.84,51.05093,153.1528,1.0,30.0,29.80896,0.9954703,0.9615793548387096,0.25,0.21092999999999762,1.1753183153770812,2.857142857142857,0.995848736766661,0.9572236888350967,0.7492652120866188,2.8442008571428574
d5646e0f-ec8a-4dc2-bc1e-034844000f6b,12,Racing,Medium,119.08,450,0,True,26/1/2026 1:49,3.0,38.31998,39.69283,119.0785,13.0,40.0,38.68228,0.9599915,0.9434702439024389,3.25,1.3728499999999997,1.5115888478333892,0.29850746268656714,0.9653888274323743,0.9057234146492682,0.742735820365384,0.28656462686567163
4f401d19-ce0d-46cc-b9f1-078131ed46b5,12,Racing,Hard,81.76,0,1,False,26/1/2026 1:50,2.0,35.57996,35.72627,81.76382,31.0,45.0,39.64204,0.9959045,0.8617834782608697,10.333333333333334,0.14630999999999972,1.467710371819961,0.09584664536741214,0.9958768190236759,0.8582540440256522,0.7196657376486909,0.0954541054313099
22ca7499-021a-45bd-a681-d1966f371a7e,13,Racing,Easy,152.7,1000,0,True,26/1/2026 1:57,3.0,50.35999,50.89853,152.6956,2.0,30.0,29.82276,0.9913725,0.9620245161290322,0.5,0.5385399999999976,1.1787819253438117,1.6666666666666667,0.9893999021209038,0.9537246496161289,0.7251403476799333,1.6522875000000001
9141917d-26ec-4e96-a20a-bcad35d04288,13,Racing,Medium,117.46,650,0,True,26/1/2026 2:00,3.0,38.65997,39.15325,117.4597,9.0,40.0,39.31773,0.9856433,0.9589690243902438,2.25,0.4932799999999986,1.5324365741529031,0.425531914893617,0.9873760830561179,0.9452013937977803,0.7591622720942244,0.4194226808510638
457fd6a1-f8cb-4309-979f-3055674ef60f,13,Racing,Hard,107.28,0,0,True,26/1/2026 2:02,3.0,34.34003,35.75841,107.2752,30.0,45.0,42.87595,0.9628384,0.9320858695652174,7.5,1.418379999999999,1.6778523489932886,0.13157894736842105,0.9603075106664233,0.8974480673147827,0.7659599617749143,0.12668926315789472
d8d2ccd9-93b8-4987-a58b-9e927796bc2b,14,Racing,Easy,153.97,1000,0,True,26/1/2026 2:52,3.0,50.77998,51.32462,153.9739,2.0,30.0,29.79568,0.9916027,0.9611509677419355,0.5,0.5446400000000011,1.1690589075793987,1.6666666666666667,0.9893690519471562,0.9530798947205161,0.7233013177170214,1.6526711666666667
06190b29-4aeb-406a-8ec7-981bbd1f73e8,14,Racing,Medium,117.06,900,0,True,26/1/2026 2:54,3.0,38.31998,39.01901,117.057,4.0,40.0,39.31282,0.9864596,0.958849268292683,1.0,0.6990300000000005,1.5376729882111737,0.9090909090909091,0.9820597175654235,0.9458660656602927,0.7699113930202375,0.8967814545454545
1fad2bc3-392a-44b4-b2f2-f7ead156d7e2,14,Racing,Hard,107.0,0,0,True,26/1/2026 2:56,3.0,34.57999,35.66573,106.9972,23.0,45.0,42.74683,0.9645813,0.9292789130434783,5.75,1.0857400000000013,1.6822429906542056,0.17094017094017094,0.9695307083099572,0.8963650620060652,0.7672389968665888,0.16488569230769232
f533afa8-9733-451c-9298-389f7a383e08,15,Racing,Easy,154.09,1100,0,True,26/1/2026 3:02,3.0,51.08002,51.36475,154.0942,0.0,30.0,29.78556,0.9934875,0.9608245161290323,0.0,0.28473000000000326,1.1681484846518269,10.0,0.9944373439500056,0.954567146467742,0.8902004324831634,9.934875
bac16bf9-9e44-4aae-9ee3-c2fadcc5a47e,15,Racing,Medium,119.66,250,0,True,26/1/2026 3:04,3.0,39.78003,39.88593,119.6578,17.0,40.0,38.41175,0.9972389,0.9368719512195122,4.25,0.10590000000000543,1.5042620758816647,0.2298850574712644,0.9973199240954367,0.934285154075,0.7477610482514787,0.2292503218390805
36586a6c-25fe-4de2-ae3b-a697f2b69137,15,Racing,Hard,107.1,200,0,True,26/1/2026 3:13,3.0,34.42004,35.69938,107.0981,18.0,45.0,42.71793,0.9661558,0.9286506521739131,4.5,1.2793399999999977,1.680672268907563,0.2173913043478261,0.9641365161939454,0.8972212137716087,0.7681334727438802,0.2100338695652174
da7a50c8-70a9-4712-90f2-5ccd8c63dd0f,16,Racing,Easy,151.58,1000,0,True,26/1/2026 3:24,3.0,49.75999,50.52632,151.5789,2.0,30.0,29.81245,0.9890067,0.9616919354838709,0.5,0.7663299999999964,1.1874917535294893,1.6666666666666667,0.9848135622471171,0.9511197675295161,0.7259690688634909,1.6483445
77bfce70-5b5c-443c-89f3-6bcf668435a1,16,Racing,Medium,114.71,700,0,True,26/1/2026 3:27,3.0,37.67999,38.23746,114.7124,8.0,40.0,39.43822,0.9832847,0.9619078048780488,2.0,0.5574700000000021,1.5691744398919014,0.47619047619047616,0.985395070826597,0.9458292273471708,0.7666614440686639,0.4682308095238095
80b0b4db-790f-4c12-ad0c-ce080ee0a77b,16,Racing,Hard,105.82,0,0,True,26/1/2026 3:29,3.0,34.59998,35.27191,105.8157,23.0,45.0,43.27968,0.9853581,0.9408626086956522,5.75,0.6719299999999961,1.7010017010017011,0.17094017094017094,0.9809221864598074,0.9270865924653914,0.7785668741856101,0.16843728205128206
7543ee00-4929-4292-877f-62f3b68c1c09,17,Racing,Easy,149.68,1100,0,True,26/1/2026 4:06,3.0,49.67998,49.89172,149.6752,0.0,30.0,29.78959,0.9953426,0.9609545161290323,0.0,0.21173999999999893,1.202565473009086,10.0,0.9957360512716085,0.9564789665656129,0.8966370796736263,9.953426
6596020c-af7f-4e3e-8fb1-3f5078424faf,17,Racing,Medium,116.04,500,0,True,26/1/2026 4:09,3.0,38.49997,38.67909,116.0373,12.0,40.0,39.27773,0.9957461,0.9579934146341463,3.0,0.1791200000000046,1.5511892450879008,0.3225806451612903,0.9953433407212857,0.9539182064476341,0.762621755263934,0.3212084193548387
43a7d644-1e54-41ae-8539-ab6f057d378c,17,Racing,Hard,106.72,400,0,True,26/1/2026 4:11,3.0,34.61993,35.57301,106.719,14.0,45.0,42.97844,0.9678905,0.9343139130434782,3.5,0.9530799999999999,1.686656671664168,0.2777777777777778,0.9731804202000282,0.9043135604526087,0.7722236003456604,0.26885847222222226
8467f7d5-baf6-4631-a5b1-4b5b6e9453b0,18,Racing,Easy,153.48,1100,0,True,26/1/2026 4:19,3.0,50.85785,51.15926,153.4778,0.0,30.0,29.80214,0.9956869,0.9613593548387097,0.0,0.3014100000000042,1.172791243158718,10.0,0.9940889667097078,0.957212915805355,0.8916853322788723,9.956869000000001
6d34d4f7-3b55-4bc3-a3b8-8a6422920150,18,Racing,Medium,121.06,450,0,True,26/1/2026 4:21,3.0,38.58002,40.35321,121.0596,13.0,40.0,37.88009,0.9430316,0.9239046341463415,3.25,1.7731899999999996,1.4868660168511483,0.29850746268656714,0.9560345748312259,0.8712712653864391,0.7293372822988249,0.2815019701492537
add17ede-b21d-40d5-9b2a-443ec7c16a42,18,Racing,Hard,104.86,350,0,True,26/1/2026 4:23,3.0,34.77893,34.95296,104.8589,15.0,45.0,43.58777,0.9937699,0.9475602173913044,3.75,0.1740299999999948,1.7165744802593934,0.2597402597402597,0.9949925559221332,0.9416568224809347,0.7868080898354026,0.25812205194805193
05487c95-22f1-4942-a2ae-cdfa1b428b8c,19,Racing,Easy,153.75,1100,0,True,26/1/2026 4:39,3.0,51.03998,51.25145,153.7543,0.0,30.0,29.80142,0.9966971,0.9613361290322581,0.0,0.2114699999999985,1.170731707317073,10.0,0.9958544420803299,0.9581609319316774,0.8915765999409913,9.966971000000001
e5b84dd8-5f79-445b-a509-f5470e8bac9f,19,Racing,Medium,116.28,900,0,True,26/1/2026 4:42,3.0,38.44,38.75967,116.279,4.0,40.0,39.52842,0.9930493,0.9641078048780487,1.0,0.3196700000000021,1.547987616099071,0.9090909090909091,0.9917269231930201,0.9574065807586829,0.7746537569400301,0.9027720909090909
f88b7f52-a203-4d58-8f8b-7afefdb79c4e,19,Racing,Hard,103.56,300,0,True,26/1/2026 4:44,3.0,34.27997,34.51995,103.5598,16.0,45.0,44.25771,0.9931788,0.9621241304347826,4.0,0.23998000000000275,1.7381228273464657,0.24390243902439027,0.9930193114615907,0.9555612893162609,0.7937037813891834,0.2422387317073171
5d6b3124-0045-4c19-845d-f1b1508d162c,20,Racing,Easy,153.04,1100,0,True,26/1/2026 19:05,3.0,50.55998,51.01169,153.0351,0.0,30.0,29.79797,0.9937385,0.9612248387096775,0.0,0.4517099999999985,1.1761630946157868,10.0,0.9911255415074172,0.9552061293820968,0.8917465848081041,9.937384999999999
fa58e564-f5f0-4bd8-9bf5-0d189fd795f0,20,Racing,Medium,118.36,700,0,True,26/1/2026 19:07,3.0,38.63998,39.45331,118.3599,8.0,40.0,38.7486,0.9803044,0.9450878048780489,2.0,0.8133300000000006,1.5207840486650896,0.47619047619047616,0.9793601763660295,0.9264737335082928,0.7533591875429162,0.46681161904761903
431f1f5d-f7c3-42bc-a9db-24824cac70dc,20,Racing,Hard,104.06,350,0,True,26/1/2026 19:09,3.0,34.42001,34.68512,104.0554,15.0,45.0,43.73531,0.9907727,0.9507676086956521,3.75,0.26510999999999996,1.7297712857966556,0.2597402597402597,0.992328055141365,0.9419945907399347,0.789138406297221,0.25734355844155843
81cba0d6-b847-4cb7-b35d-543523e4ce82,21,Racing,Easy,152.78,1000,0,True,26/1/2026 23:31,3.0,49.45998,50.92601,152.778,2.0,30.0,29.86535,0.9726323,0.9633983870967742,0.5,1.4660299999999964,1.178164681241,1.6666666666666667,0.9711934786668215,0.9370323890582258,0.7206922290897234,1.6210538333333333
4d89c796-49db-4a75-af1d-6e24935fa1dc,21,Racing,Medium,116.02,650,0,True,26/1/2026 23:36,3.0,38.53677,38.67224,116.0167,9.0,40.0,39.25,0.9970019,0.9573170731707317,2.25,0.1354700000000051,1.5514566454059646,0.425531914893617,0.9964712033437073,0.9544469408536584,0.7648717985876248,0.4242561276595745
f313660a-c188-432e-8c76-06945ddeeed3,21,Racing,Hard,105.9,450,0,True,26/1/2026 23:38,3.0,34.39996,35.2996,105.8988,13.0,45.0,43.27072,0.9773862,0.9406678260869564,3.25,0.899639999999998,1.6997167138810196,0.29850746268656714,0.9744865526364992,0.9193957520013912,0.7788547605913344,0.2917570746268656
849b3690-53c0-4bb7-be23-73f607713e71,22,Racing,Easy,154.28,950,0,True,26/1/2026 23:44,3.0,49.52002,51.42509,154.2753,3.0,30.0,29.80678,0.9704422,0.9615090322580645,0.75,1.905069999999995,1.166709878143635,1.1764705882352942,0.9629357394272052,0.9330889405843871,0.7078913447968135,1.141696705882353
05f0a36a-cf8c-4e35-971e-e89a12b634ea,22,Racing,Medium,121.78,300,0,True,26/1/2026 23:46,3.0,39.26001,40.5929,121.7787,16.0,40.0,37.83393,0.9603254,0.9227787804878049,4.0,1.332889999999999,1.478075217605518,0.24390243902439027,0.9671406295034476,0.8861679014834635,0.7307698764611514,0.23422570731707318
224857bb-b233-42d2-be86-f57425e8af38,22,Racing,Hard,103.98,650,0,True,26/1/2026 23:48,3.0,34.04004,34.65955,103.9786,9.0,45.0,44.1677,0.9835148,0.9601673913043479,2.25,0.6195100000000053,1.7311021350259665,0.425531914893617,0.9820975143210363,0.9443388398252175,0.7932194146294412,0.4185169361702128
dce28f7f-c1cf-4d42-8dd9-0dbc17e5af78,23,Racing,Easy,149.64,1100,0,True,27/1/2026 14:53,3.0,49.47998,49.87957,149.6387,0.0,30.0,29.82397,0.9897836,0.9620635483870967,0.0,0.39959000000000344,1.2028869286287092,10.0,0.9919690171944707,0.9522347223513548,0.8955800709780894,9.897836
e808e485-4c5d-4861-a572-3ab5e6b316ff,23,Racing,Medium,116.32,800,0,True,27/1/2026 14:55,3.0,38.23999,38.77319,116.3196,6.0,40.0,39.4106,0.9901947,0.9612341463414634,1.5,0.5332000000000008,1.547455295735901,0.625,0.986222794080289,0.9518089571663415,0.7674479956293823,0.6188716875
edb6cf69-183a-4052-a8ee-71e188ea3521,23,Racing,Hard,104.42,550,0,True,27/1/2026 14:57,3.0,34.63843,34.80614,104.4184,11.0,45.0,43.71574,0.9940101,0.9503421739130434,2.75,0.16770999999999958,1.7238076996743918,0.3508771929824561,0.995153005963719,0.9446497193255217,0.79063482130171,0.3487754736842105
1e475ec1-02a9-4042-b872-11eceaf44447,24,Racing,Easy,151.87,950,0,True,27/1/2026 15:02,3.0,50.37994,50.62494,151.8748,3.0,30.0,29.821,0.995785,0.961967741935484,0.75,0.24500000000000455,1.1852242049120958,1.1764705882352942,0.9951408309653114,0.957913047903226,0.7175372950164046,1.1715117647058824
8ce5db3c-b36b-4aee-acd3-a99c095e4314,24,Racing,Medium,117.83,300,0,True,27/1/2026 15:04,3.0,38.60004,39.27777,117.8333,16.0,40.0,39.09784,0.979984,0.9536058536585366,4.0,0.6777299999999968,1.5276245438343377,0.24390243902439027,0.982720181920157,0.9345184788917072,0.7519435084609286,0.23902048780487806
d2e3d8ec-9002-4ba6-a0b4-bb61a6bf9ef3,24,Racing,Hard,107.78,0,0,True,27/1/2026 15:06,3.0,34.52002,35.92511,107.7753,40.0,45.0,42.92663,0.9711088,0.9331876086956522,10.0,1.4050899999999942,1.6700686583781776,0.09900990099009901,0.960861612904932,0.9062266988553044,0.7663081506297885,0.09614938613861386
ba6ffc68-9077-48ef-8f9e-a8b89c513d94,25,Racing,Easy,151.86,1100,0,True,27/1/2026 15:39,3.0,50.44,50.61984,151.8595,0.0,30.0,29.81712,0.9974422,0.9618425806451613,0.0,0.17984000000000577,1.1853022520742789,10.0,0.9964275582941728,0.959382379692387,0.8944043638693109,9.974421999999999
a9b1629b-ef6a-49ac-90ea-1d22caf773d4,25,Racing,Medium,117.77,750,0,True,27/1/2026 15:42,3.0,38.67999,39.25798,117.7739,7.0,40.0,38.94586,0.9882013,0.949899024390244,1.75,0.5779900000000069,1.5284028190540886,0.5405405405405405,0.9852520366041093,0.9386914507711708,0.7591382184771075,0.5341628648648648
86e34427-3b59-4860-8fa9-f7b0ba378fb5,25,Racing,Hard,106.52,300,0,True,27/1/2026 15:45,3.0,33.97998,35.50663,106.5199,16.0,45.0,42.83262,0.9654903,0.9311439130434782,4.0,1.5266500000000036,1.6898235073225687,0.24390243902439027,0.9569768525806989,0.8990104159475217,0.7707001394052326,0.23548543902439026
6e56b974-363f-4bbb-a4c7-34bfa4a647fb,26,Racing,Easy,152.2,1100,0,True,27/1/2026 15:53,3.0,49.71997,50.73169,152.1951,0.0,30.0,29.78911,0.9857257,0.9609390322580645,0.0,1.0117199999999968,1.1826544021024967,10.0,0.980038117434735,0.9472223002299033,0.890792332867407,9.857257
849789dd-04a7-43f6-a357-8f1d249092da,26,Racing,Medium,115.28,950,0,True,27/1/2026 15:55,3.0,38.0,38.42619,115.2786,3.0,40.0,39.54601,0.9910731,0.9645368292682928,0.75,0.4261899999999983,1.5614156835530881,1.1764705882352942,0.9888831319698371,0.9559265054470977,0.781932241063042,1.1659683529411766
22e30d43-3b55-432e-9f32-0e32b2197438,26,Racing,Hard,104.3,400,0,True,27/1/2026 15:58,3.0,34.35999,34.76509,104.2953,14.0,45.0,43.88808,0.9866426,0.9540886956521739,3.5,0.40509999999999735,1.725790987535954,0.2777777777777778,0.9883190775839332,0.9413445513088696,0.7886099039173048,0.27406738888888893
0c8a83d5-0ebc-4316-90f1-52c1178e36f7,27,Racing,Easy,153.52,1000,0,True,27/1/2026 16:12,3.0,50.79993,51.17208,153.5162,2.0,30.0,29.74594,0.9902647,0.9595464516129033,0.5,0.37214999999999776,1.1724856696195936,1.6666666666666667,0.9927080801077443,0.9502049790425162,0.723157147812901,1.6504411666666667
4aa3681e-6386-43a0-b9a8-4980ff41cad6,27,Racing,Medium,114.45,1100,0,True,27/1/2026 16:15,3.0,37.65998,38.15155,114.4546,0.0,40.0,39.59985,0.9856617,0.9658500000000001,0.0,0.49157000000000295,1.5727391874180865,10.0,0.9870894605996191,0.9520013529450001,0.9593327087483619,9.856617
29abaeab-18c0-44b3-b23d-2bf33a2a67aa,27,Racing,Hard,103.7,350,0,True,27/1/2026 16:17,3.0,33.98,34.5652,103.6956,15.0,45.0,44.02439,0.9856128,0.957051956521739,3.75,0.5852000000000004,1.7357762777242045,0.2597402597402597,0.9830412368151548,0.9432826586128694,0.7904559798604376,0.25600332467532466
33183c22-3687-4d54-8d04-d6191004caa3,28,Racing,Easy,153.54,1050,0,True,28/1/2026 15:17,3.0,50.63998,51.17856,153.5357,1.0,30.0,29.79265,0.9899019,0.9610532258064516,0.25,0.5385799999999961,1.1723329425556859,2.857142857142857,0.9894571192093095,0.9513484142269355,0.7472263044795815,2.828291142857143
87108985-1eff-4096-9815-cf370cdcd501,28,Racing,Medium,116.97,850,0,True,28/1/2026 15:19,3.0,38.23999,38.99121,116.9736,5.0,40.0,39.24122,0.9792594,0.9571029268292682,1.25,0.7512200000000036,1.538856116953065,0.7407407407407407,0.9807084543297238,0.9372520378650732,0.7645119623082309,0.7253773333333333
91b164f9-b02f-4748-a4a5-fc52f7fea760,28,Racing,Hard,114.18,0,0,True,28/1/2026 15:21,3.0,36.53918,38.05972,114.1792,28.0,45.0,40.32131,0.9626346,0.8765502173913042,7.0,1.520539999999997,1.5764582238570677,0.14084507042253522,0.9600233521593917,0.8437975678983912,0.7347097951940066,0.13558233802816902
91cb69ef-9d39-413b-8065-7bdbc6c63963,29,Racing,Easy,153.19,1000,0,True,28/1/2026 15:26,3.0,51.0,51.06459,153.1938,2.0,30.0,29.78643,0.9983982,0.9608525806451612,0.5,0.06459000000000259,1.1750114237221752,1.6666666666666667,0.9987155734419205,0.9593134869814838,0.725953000229071,1.6639970000000002
7de32515-bde6-42d4-9934-d7c2560315cd,29,Racing,Medium,118.3,600,0,True,28/1/2026 15:36,3.0,38.37994,39.43178,118.2953,10.0,40.0,38.70284,0.9809093,0.9439717073170732,2.5,1.0518400000000057,1.521555367709214,0.3846153846153846,0.9733003861254519,0.9259506266441951,0.7515330159881863,0.37727280769230764
43874b84-11d6-4a6e-80a2-0095fc22c57a,29,Racing,Hard,85.36,0,1,False,28/1/2026 15:38,2.0,34.77997,34.94836,85.3595,16.0,45.0,37.75691,0.9951816,0.8208023913043477,5.333333333333333,0.16839000000000226,1.4058106841611997,0.18404907975460125,0.9951532731929855,0.8168474370620868,0.700319903507402,0.18316225766871166
6c324528-2f01-4e9e-987b-11cc01661a66,30,Racing,Easy,154.35,1100,0,True,1/2/2026 19:49,3.0,51.41455,51.4515,154.3545,0.0,30.0,29.81224,0.9993036,0.9616851612903226,0.0,0.03695000000000448,1.1661807580174928,10.0,0.9992624265098877,0.9610154437439999,0.8915299891563999,9.993036
9393ef64-c9dd-4b51-b23e-f2ee6dd8608b,30,Racing,Medium,118.82,550,0,True,1/2/2026 19:52,3.0,38.87994,39.60545,118.8163,11.0,40.0,38.53866,0.9870089,0.9399673170731707,2.75,0.7255099999999999,1.514896482073725,0.3508771929824561,0.9816567756009439,0.9277561076603414,0.7502327309338668,0.3463189122807017
efd57b4f-5f30-4220-be68-18f38f1ccd23,30,Racing,Hard,105.36,700,0,True,1/2/2026 19:54,3.0,34.73999,35.11995,105.3599,8.0,45.0,43.44282,0.9911668,0.9444091304347826,2.0,0.3799600000000041,1.7084282460136673,0.47619047619047616,0.9891529130049158,0.9360669757038261,0.7882925073944642,0.47198419047619045
