Time,Action,PosX,PosY,PosZ,Score
0,Start,-1.790738E-07,1,9.303034E-08,0
1.754954,Move,-0.04790128,0.9999999,0.08979338,0
1.802628,Move,-0.1129167,1,0.1662433,0
1.843022,Move,-0.197375,1,0.2394512,0
1.873391,Move,-0.2806488,0.9999999,0.2955743,0
1.90448,Move,-0.3832703,0.9999999,0.3514947,0
1.929543,Move,-0.4788761,0.9999999,0.3942451,0
1.955761,Move,-0.5910911,1,0.4358768,0
1.977459,Move,-0.6929437,1,0.4674848,0
2.000056,Move,-0.8022414,1,0.4960809,0
2.022337,Move,-0.9110607,0.9999998,0.5199121,0
2.04716,Move,-1.033199,0.9999999,0.5419601,0
2.071428,Move,-1.15323,1,0.5596921,0
2.093831,Move,-1.264409,0.9999999,0.5733452,0
2.115365,Move,-1.3715,1,0.5845153,0
2.136432,Move,-1.476389,0.9999999,0.5941642,0
2.157409,Move,-1.580907,0.9999999,0.6029505,0
2.180981,Move,-1.698387,0.9999999,0.612439,0
2.203416,Move,-1.810199,0.9999999,0.621443,0
2.227061,Move,-1.928044,0.9999999,0.6309326,0
2.248446,Move,-2.034627,0.9999999,0.6395155,0
2.272113,Move,-2.152581,0.9999999,0.6490138,0
2.292315,Move,-2.253268,0.9999999,0.657122,0
2.314223,Move,-2.362453,0.9999999,0.6659144,0
2.337463,Move,-2.478277,0.9999999,0.6752414,0
2.357845,Move,-2.579863,0.9999999,0.6834219,0
2.379851,Move,-2.689539,0.9999999,0.6922539,0
2.400628,Move,-2.793088,1,0.7005924,0
2.421869,Move,-2.898953,1,0.7091174,0
2.447408,Move,-3.026237,1,0.7193672,0
2.46766,Move,-3.12717,1,0.727495,0
2.490059,Move,-3.238808,1,0.7364848,0
2.513245,Move,-3.354364,1,0.7457902,0
2.535652,Move,-3.46604,1,0.7547832,0
2.560822,Move,-3.591487,1,0.7648851,0
2.582224,Move,-3.69814,0.9999999,0.7736196,0
2.606375,Move,-3.818429,0.9999999,0.7842338,0
2.630429,Move,-3.938093,0.9999999,0.7963014,0
2.651278,Move,-4.041619,1,0.808539,0
2.675581,Move,-4.161939,0.9999999,0.8255226,0
2.69569,Move,-4.261074,0.9999998,0.8422862,0
2.719266,Move,-4.37661,0.9999998,0.865644,0
2.742682,Move,-4.490351,0.9999999,0.8934028,0
2.763494,Move,-4.590277,0.9999999,0.922416,0
2.78489,Move,-4.691531,1,0.9569168,0
2.808765,Move,-4.802274,0.9999999,1.001449,0
2.830638,Move,-4.901066,0.9999998,1.048329,0
2.851711,Move,-4.993294,0.9999999,1.099248,0
2.874378,Move,-5.088715,1,1.160375,0
2.894618,Move,-5.170573,1,1.219865,0
2.916605,Move,-5.255752,0.9999999,1.289349,0
2.937619,Move,-5.333884,1,1.359592,0
2.959195,Move,-5.410794,1,1.435235,0
2.979491,Move,-5.480302,0.9999999,1.509165,0
3.001081,Move,-5.551453,0.9999999,1.590349,0
3.025212,Move,-5.627987,1,1.683619,0
3.045583,Move,-5.690471,0.9999999,1.764057,0
3.069677,Move,-5.762328,0.9999999,1.860752,0
3.092853,Move,-5.82983,0.9999999,1.95494,0
3.116208,Move,-5.896821,0.9999999,2.050592,0
3.139077,Move,-5.961905,0.9999999,2.14461,0
3.161627,Move,-6.025826,1,2.237498,0
3.182499,Move,-6.084407,0.9999999,2.323868,0
3.203032,Move,-6.141092,0.9999999,2.409464,0
3.223355,Move,-6.195895,0.9999999,2.495038,0
3.244318,Move,-6.250648,0.9999998,2.584413,0
3.267995,Move,-6.3098,0.9999999,2.686957,0
3.289011,Move,-6.359371,0.9999998,2.779607,0
3.311332,Move,-6.408421,1,2.879849,0
3.332978,Move,-6.451937,1,2.978941,0
3.355532,Move,-6.492108,1,3.084303,0
3.377032,Move,-6.52542,0.9999999,3.186503,0
3.400631,Move,-6.555341,1,3.300625,0
3.424355,Move,-6.577799,1,3.417078,0
3.445389,Move,-6.591558,1,3.521335,0
3.467951,Move,-6.600297,1,3.633794,0
3.489884,Move,-6.603407,0.9999999,3.74341,0
3.513221,Move,-6.601536,0.9999999,3.86007,0
3.534515,Move,-6.59564,1,3.966374,0
3.557153,Move,-6.585593,0.9999999,4.079115,0
3.577795,Move,-6.573599,0.9999998,4.181624,0
3.598153,Move,-6.55956,0.9999999,4.282443,0
3.619257,Move,-6.54316,0.9999998,4.386678,0
3.639447,Move,-6.526166,0.9999998,4.486188,0
3.659748,Move,-6.508224,0.9999996,4.5861,0
3.680484,Move,-6.489466,0.9999996,4.688068,0
3.702315,Move,-6.469595,0.9999998,4.795399,0
3.723162,Move,-6.450216,0.9999998,4.89782,0
3.744247,Move,-6.429735,0.9999997,5.001237,0
3.767732,Move,-6.405308,0.9999996,5.116096,0
3.789334,Move,-6.380767,0.9999996,5.22128,0
3.809852,Move,-6.355171,0.9999995,5.320621,0
3.830104,Move,-6.327299,0.9999996,5.417971,0
3.851846,Move,-6.294012,0.9999997,5.521454,0
3.875718,Move,-6.252968,0.9999996,5.633526,0
3.897978,Move,-6.209888,0.9999996,5.736138,0
3.921829,Move,-6.158617,0.9999997,5.843806,0
3.945407,Move,-6.103543,0.9999996,5.94803,0
3.968651,Move,-6.045557,0.9999997,6.048748,0
3.988747,Move,-5.992955,0.9999997,6.134356,0
4.011462,Move,-5.931274,0.9999997,6.229724,0
4.035123,Move,-5.865064,0.9999996,6.327763,0
4.057096,Move,-5.802297,0.9999995,6.417933,0
4.079808,Move,-5.73665,0.9999995,6.510599,0
4.100836,Move,-5.675592,0.9999999,6.596199,0
4.121512,Move,-5.61554,0.9999997,6.680349,0
4.143357,Move,-5.552094,0.9999999,6.769256,0
4.165375,Move,-5.488144,0.9999996,6.858871,0
4.187257,Move,-5.424592,0.9999996,6.947931,0
4.209768,Move,-5.359212,0.9999996,7.03955,0
4.232892,Move,-5.292054,0.9999995,7.133662,0
4.256751,Move,-5.222756,0.9999994,7.230772,0
4.262742,Move,-5.205358,1.096075,7.255153,0
4.280556,Move,-5.153619,1.188227,7.327655,0
4.303526,Move,-5.086903,1.276454,7.421144,0
4.323407,Move,-5.02916,1.360758,7.502058,0
4.340388,Move,-4.97984,1.441137,7.57117,0
4.36209,Move,-4.916809,1.517593,7.659496,0
4.383976,Move,-4.853096,1.590124,7.748467,0
4.402936,Move,-4.797482,1.658732,7.825239,0
4.421118,Move,-4.743507,1.723415,7.898389,0
4.441739,Move,-4.681224,1.784175,7.980558,0
4.460654,Move,-4.622781,1.841011,8.054914,0
4.483284,Move,-4.550869,1.893922,8.142268,0
4.504781,Move,-4.480199,1.94291,8.223248,0
4.525974,Move,-4.407948,1.987973,8.300755,0
4.544432,Move,-4.342692,2.029112,8.366011,0
4.566016,Move,-4.263462,2.066327,8.439277,0
4.588529,Move,-4.177328,2.099618,8.511728,0
4.607982,Move,-4.10059,2.128985,8.570572,0
4.630846,Move,-4.012449,2.154428,8.632118,0
4.65693,Move,-3.91647,2.175946,8.691986,0
4.682489,Move,-3.828004,2.207213,8.740623,0
4.711066,Move,-3.736571,2.216961,8.78425,0
4.7452,Move,-3.639154,2.224684,8.823169,0
4.88601,Move,-3.661864,2.128113,8.808371,0
4.92824,Move,-3.735785,2.065205,8.767729,0
4.96184,Move,-3.808992,1.986601,8.722414,0
4.993937,Move,-3.890562,1.941414,8.668064,0
5.022041,Move,-3.971384,1.839267,8.611731,0
5.046727,Move,-4.049814,1.782308,8.555808,0
5.0664,Move,-4.117458,1.721425,8.507228,0
5.085369,Move,-4.187124,1.656618,8.457177,0
5.101013,Move,-4.247895,1.587886,8.413516,0
5.122293,Move,-4.334085,1.515231,8.351591,0
5.140969,Move,-4.409935,1.438651,8.297125,0
5.161699,Move,-4.494306,1.358148,8.236921,0
5.182878,Move,-4.58097,1.273721,8.176076,0
5.202746,Move,-4.662943,1.18537,8.119959,0
5.223882,Move,-4.751111,1.093095,8.061699,0
5.240904,Move,-4.823002,0.9968953,8.016141,0
5.260909,Move,-4.908649,0.9993793,7.964484,0
5.282091,Move,-5.000889,0.9998761,7.91245,0
5.303047,Move,-5.093848,0.9999754,7.864112,0
5.325419,Move,-5.195086,0.9999955,7.816553,0
5.34775,Move,-5.296183,0.9999996,7.774654,0
5.361362,Move,-5.355481,1.096076,7.752895,0
5.382471,Move,-5.443599,1.188229,7.724741,0
5.402324,Move,-5.521917,1.276458,7.704332,0
5.423504,Move,-5.600183,1.360763,7.688839,0
5.4432,Move,-5.667653,1.441144,7.679956,0
5.467217,Move,-5.74279,1.5176,7.675433,0
5.495644,Move,-5.820606,1.590133,7.677851,0
5.522958,Move,-5.883558,1.723426,7.685918,0
5.561352,Move,-5.951827,1.841023,7.70263,0
5.603614,Move,-5.999981,1.942924,7.721746,0
5.660535,Move,-6.023725,2.066344,7.735605,0
5.743352,Move,-5.99827,2.175968,7.705898,0
5.805088,Move,-5.952038,2.216984,7.622573,0
5.848447,Move,-5.919016,2.224707,7.526786,0
5.884156,Move,-5.89712,2.216735,7.424572,0
5.917589,Move,-5.883679,2.206861,7.310077,0
5.94267,Move,-5.879607,2.175344,7.212659,0
5.966844,Move,-5.882429,2.153699,7.109835,0
5.991005,Move,-5.89377,2.128131,6.998855,0
6.014002,Move,-5.914075,2.098639,6.887059,0
6.036484,Move,-5.942362,2.065222,6.780481,0
6.057055,Move,-5.973342,2.027882,6.691169,0
6.078552,Move,-6.009795,1.986618,6.606717,0
6.10146,Move,-6.051892,1.892318,6.526634,0
6.12565,Move,-6.098558,1.839282,6.453273,0
6.154347,Move,-6.154703,1.782322,6.380568,0
6.181494,Move,-6.206454,1.656631,6.325633,0
6.214867,Move,-6.265204,1.587899,6.275253,0
6.240133,Move,-6.30422,1.438663,6.248242,0
6.280787,Move,-6.353721,1.273731,6.221584,0
6.322412,Move,-6.383756,1.093103,6.210426,0
6.433779,Move,-6.344977,0.9999946,6.207723,0
6.496698,Move,-6.244683,0.9999993,6.183687,0
6.540047,Move,-6.14797,0.9999995,6.141268,0
6.57703,Move,-6.052238,0.999999,6.082228,0
6.605922,Move,-5.971947,0.9999993,6.019015,0
6.632093,Move,-5.897202,0.999999,5.947438,0
6.6589,Move,-5.820739,0.9999986,5.85959,0
6.682912,Move,-5.754074,0.9999995,5.767859,0
6.704926,Move,-5.696894,0.999999,5.674155,0
6.728942,Move,-5.643406,0.999999,5.568117,0
6.752498,Move,-5.602518,0.9999989,5.467093,0
6.7801,Move,-5.56839,0.9999995,5.355051,0
6.808266,Move,-5.547164,0.9999994,5.249441,0
6.842388,Move,-5.534081,0.9999996,5.135643,0
6.880303,Move,-5.521856,0.9999998,5.029494,0
6.925944,Move,-5.507914,0.9999998,4.930394,0
7.008814,Move,-5.486968,0.9999998,4.830814,0
7.914732,Move,-5.389573,0.9999995,4.862122,0
7.962335,Move,-5.291699,0.9999996,4.885573,0
8.000995,Move,-5.185883,0.9999995,4.899549,0
8.032388,Move,-5.082874,0.9999986,4.905768,0
8.060768,Move,-4.976836,0.9999992,4.906785,0
8.088345,Move,-4.862278,0.9999986,4.903418,0
8.112304,Move,-4.753627,0.9999982,4.897097,0
8.135473,Move,-4.640685,0.9999976,4.888241,0
8.158617,Move,-4.525461,0.999997,4.877566,0
8.180746,Move,-4.415385,0.999999,4.866422,0
8.201517,Move,-4.312093,0.999999,4.855649,0
8.221969,Move,-4.210392,0.999999,4.845023,0
8.245228,Move,-4.094725,0.9999988,4.832939,0
8.265983,Move,-3.991513,0.9999987,4.822156,0
8.287161,Move,-3.886197,0.9999986,4.811154,0
8.307902,Move,-3.783053,0.9999985,4.800379,0
8.328097,Move,-3.68263,0.9999985,4.789888,0
8.348997,Move,-3.578697,0.9999982,4.779032,0
8.37275,Move,-3.460576,0.9999979,4.766693,0
8.392764,Move,-3.36105,0.9999978,4.756297,0
8.415599,Move,-3.247494,0.9999975,4.744434,0
8.439482,Move,-3.128728,0.9999969,4.732029,0
8.462661,Move,-3.013461,0.999999,4.71999,0
8.484493,Move,-2.904891,0.9999988,4.708651,0
8.505672,Move,-2.799571,0.9999986,4.697651,0
8.525881,Move,-2.699076,0.9999984,4.687154,0
8.548151,Move,-2.588331,0.9999982,4.675587,0
8.570755,Move,-2.475923,0.9999979,4.663854,0
8.593072,Move,-2.364915,0.9999978,4.652535,0
8.613534,Move,-2.263062,0.9999977,4.642857,0
8.637143,Move,-2.145423,0.9999973,4.633119,0
8.660363,Move,-2.029569,0.9999992,4.625672,0
8.68354,Move,-1.91378,0.9999989,4.62101,0
8.707223,Move,-1.795377,0.9999987,4.619797,0
8.730232,Move,-1.680375,0.9999985,4.622685,0
8.753043,Move,-1.566575,0.9999982,4.630144,0
8.773308,Move,-1.465854,0.9999983,4.64113,0
8.793636,Move,-1.365417,0.9999983,4.656684,0
8.816788,Move,-1.252136,0.9999982,4.680408,0
8.839233,Move,-1.1439,0.999998,4.710021,0
8.859248,Move,-1.049206,0.9999983,4.742339,0
8.880648,Move,-0.9503904,0.9999994,4.783332,0
8.904252,Move,-0.8446305,0.9999995,4.835664,0
8.928997,Move,-0.737011,0.9999994,4.896699,0
8.949088,Move,-0.64982,0.9999994,4.946594,0
8.969802,Move,-0.5596066,0.9999994,4.997465,0
8.99082,Move,-0.4675055,0.9999993,5.048077,0
9.011354,Move,-0.3767735,0.9999992,5.096133,0
9.032115,Move,-0.2840994,0.9999992,5.14289,0
9.052491,Move,-0.192062,0.999999,5.186574,0
9.075535,Move,-0.08653637,0.9999988,5.232816,0
9.098119,Move,0.01849005,0.9999987,5.274278,0
9.120582,Move,0.1245889,0.9999995,5.311102,0
9.141253,Move,0.223669,0.9999993,5.340507,0
9.164787,Move,0.33803,0.9999989,5.368164,0
9.188695,Move,0.455694,0.9999986,5.38913,0
9.212201,Move,0.5724946,0.9999982,5.402004,0
9.232947,Move,0.6761163,0.9999978,5.40635,0
9.253383,Move,0.7782431,0.9999977,5.40375,0
9.273692,Move,0.8793037,0.9999975,5.394026,0
9.293839,Move,0.978592,0.9999974,5.377152,0
9.302566,Move,1.021201,1.096072,5.367742,0
9.3233,Move,1.12114,1.188222,5.340234,0
9.341675,Move,1.207813,1.276447,5.309818,0
9.363891,Move,1.309746,1.360748,5.26574,0
9.38151,Move,1.387978,1.441125,5.225262,0
9.401339,Move,1.472892,1.517578,5.174119,0
9.420923,Move,1.553092,1.590107,5.117967,0
9.443082,Move,1.638901,1.658711,5.04792,0
9.460204,Move,1.701366,1.723393,4.989392,0
9.480455,Move,1.770604,1.784149,4.915538,0
9.500816,Move,1.834782,1.840982,4.836532,0
9.521242,Move,1.893357,1.893891,4.752894,0
9.54178,Move,1.946086,1.942875,4.664799,0
9.562366,Move,1.992472,1.987936,4.572937,0
9.584584,Move,2.034802,2.029072,4.47067,0
9.607571,Move,2.068212,2.066284,4.367573,0
9.632938,Move,2.093416,2.099573,4.259988,0
9.658614,Move,2.10785,2.128938,4.159023,0
9.686666,Move,2.113498,2.1759,4.058983,0
9.721449,Move,2.109803,2.207165,3.951168,0
9.76322,Move,2.096034,2.222734,3.846464,0
9.821526,Move,2.072196,2.216659,3.745624,0
9.921553,Move,2.053158,2.128059,3.689096,0
9.982533,Move,2.053158,2.027811,3.689096,0
10.04288,Move,2.053158,1.892247,3.689097,0
10.0828,Move,2.053158,1.782252,3.689098,0
10.1237,Move,2.053158,1.65656,3.689098,0
10.16169,Move,2.053157,1.515172,3.689099,0
10.20341,Move,2.053157,1.358088,3.689099,0
10.24397,Move,2.053157,1.185309,3.6891,0
10.28232,Move,2.053157,0.9968328,3.6891,0
10.95891,Move,2.090067,0.9999989,3.592785,0
10.96,Collect,2.090068,0.9999996,3.592786,1
11.0072,Move,2.144627,0.9999991,3.505845,1
11.04444,Move,2.20794,0.999999,3.424587,1
11.07726,Move,2.280163,0.9999982,3.344209,1
11.10452,Move,2.352166,0.9999988,3.271774,1
11.13208,Move,2.435778,0.9999981,3.193673,1
11.15605,Move,2.517382,0.9999978,3.121655,1
11.18018,Move,2.607422,0.9999991,3.045351,1
11.20174,Move,2.690583,0.9999991,2.976782,1
11.22219,Move,2.769955,0.9999992,2.912334,1
11.24464,Move,2.855734,0.9999986,2.843103,1
11.26898,Move,2.942301,0.9999985,2.773258,1
11.2931,Move,3.021307,0.9999982,2.709515,1
11.32123,Move,3.10484,0.9999992,2.64212,1
11.35083,Move,3.182742,0.9999987,2.579268,1
11.38548,Move,3.261027,0.9999993,2.51611,1
11.42951,Move,3.34023,0.9999991,2.452211,1
11.49848,Move,3.418879,0.9999994,2.388761,1
0,Start,-1.790738E-07,1,9.303034E-08,0
1.914763,Move,-0.09067672,0.9999999,0.05624931,0
1.963529,Move,-0.1902683,1,0.08993147,0
1.999459,Move,-0.2889204,0.9999999,0.1080082,0
2.029851,Move,-0.3887511,0.9999999,0.1145648,0
2.057544,Move,-0.4920847,1,0.1110142,0
2.085269,Move,-0.6060503,1,0.09728563,0
2.108362,Move,-0.7085186,1,0.07728779,0
2.129477,Move,-0.8078179,0.9999999,0.05179406,0
2.151279,Move,-0.9118639,0.9999999,0.01929699,0
2.172654,Move,-1.012265,0.9999998,-0.01730599,0
2.194291,Move,-1.112258,0.9999999,-0.05859214,0
2.21529,Move,-1.207762,0.9999998,-0.102199,0
2.236744,Move,-1.303868,0.9999999,-0.1498378,0
2.260901,Move,-1.410501,1,-0.2065741,0
2.28297,Move,-1.506634,1,-0.2607388,0
2.303952,Move,-1.597141,1,-0.3137905,0
2.326105,Move,-1.691997,0.9999998,-0.3709806,0
2.349172,Move,-1.790122,1,-0.4315989,0
2.371601,Move,-1.884613,0.9999999,-0.491988,0
2.392055,Move,-1.969717,0.9999998,-0.5487037,0
2.413581,Move,-2.057835,1,-0.6105039,0
2.434713,Move,-2.1426,0.9999999,-0.6735762,0
2.458157,Move,-2.2349,0.9999999,-0.7458357,0
2.482495,Move,-2.329048,1,-0.8229327,0
2.50574,Move,-2.417855,1,-0.8979094,0
2.525968,Move,-2.494541,0.9999999,-0.9638578,0
2.546069,Move,-2.570485,1,-1.029687,0
2.567794,Move,-2.652529,0.9999999,-1.100881,0
2.589753,Move,-2.735456,1,-1.172842,0
2.612704,Move,-2.822129,0.9999999,-1.248053,0
2.632734,Move,-2.89777,0.9999999,-1.313691,0
2.654242,Move,-2.978994,1,-1.384175,0
2.674996,Move,-3.057374,1,-1.452189,0
2.698333,Move,-3.145503,0.9999998,-1.528664,0
2.719365,Move,-3.224929,1,-1.597587,0
2.739437,Move,-3.30073,0.9999999,-1.663364,0
2.761645,Move,-3.384599,1,-1.736141,0
2.783475,Move,-3.46704,0.9999998,-1.80768,0
2.804442,Move,-3.546219,0.9999998,-1.876389,0
2.825037,Move,-3.623997,1,-1.943882,0
2.845677,Move,-3.701941,1,-2.011518,0
2.866684,Move,-3.781276,1,-2.080362,0
2.890605,Move,-3.871613,0.9999999,-2.158753,0
2.911004,Move,-3.948637,0.9999999,-2.225612,0
2.93338,Move,-4.032929,0.9999999,-2.299183,0
2.954516,Move,-4.11203,0.9999999,-2.369269,0
2.975493,Move,-4.189693,1,-2.439763,0
2.997574,Move,-4.270156,0.9999999,-2.515357,0
3.020149,Move,-4.350631,1,-2.594512,0
3.041097,Move,-4.423287,0.9999999,-2.66995,0
3.065009,Move,-4.503321,1,-2.758764,0
3.086564,Move,-4.572262,1,-2.841597,0
3.107787,Move,-4.636684,0.9999999,-2.925912,0
3.1289,Move,-4.696849,1,-3.012646,0
3.151761,Move,-4.756986,0.9999999,-3.109836,0
3.177085,Move,-4.817773,1,-3.2209,0
3.183396,Move,-4.831968,1.096076,-3.249079,0
3.200795,Move,-4.869522,1.188228,-3.327551,0
3.223249,Move,-4.914493,1.276456,-3.430413,0
3.243229,Move,-4.951612,1.36076,-3.52316,0
3.261996,Move,-4.984147,1.44114,-3.611171,0
3.280066,Move,-5.013903,1.517596,-3.69648,0
3.30074,Move,-5.046285,1.590128,-3.794644,0
3.321462,Move,-5.077353,1.658736,-3.893487,0
3.341106,Move,-5.105919,1.72342,-3.987462,0
3.361468,Move,-5.135023,1.78418,-4.085024,0
3.382607,Move,-5.165109,1.841016,-4.186347,0
3.402221,Move,-5.193026,1.893928,-4.280362,0
3.42281,Move,-5.222329,1.942916,-4.379047,0
3.443823,Move,-5.252237,1.98798,-4.479768,0
3.462946,Move,-5.279453,2.02912,-4.571424,0
3.484874,Move,-5.310663,2.066336,-4.676532,0
3.507497,Move,-5.342861,2.099628,-4.784966,0
3.527874,Move,-5.371863,2.128996,-4.882636,0
3.553906,Move,-5.408915,2.154439,-5.007417,0
3.57645,Move,-5.441001,2.175959,-5.115474,0
3.596493,Move,-5.469527,2.193555,-5.211544,0
3.616908,Move,-5.498583,2.207227,-5.309396,0
3.641222,Move,-5.533189,2.222799,-5.425937,0
3.661318,Move,-5.561791,2.224699,-5.522262,0
3.682059,Move,-5.59131,2.222675,-5.621674,0
3.702462,Move,-5.620349,2.216727,-5.719471,0
3.725693,Move,-5.653411,2.206856,-5.830819,0
3.746365,Move,-5.682835,2.19306,-5.929907,0
3.767498,Move,-5.712912,2.17534,-6.031199,0
3.788054,Move,-5.742169,2.153696,-6.129729,0
3.809362,Move,-5.772496,2.128128,-6.231861,0
3.829645,Move,-5.801364,2.098636,-6.329081,0
3.851722,Move,-5.832787,2.06522,-6.434901,0
3.872365,Move,-5.862166,2.02788,-6.533842,0
3.892811,Move,-5.891266,1.986616,-6.631845,0
3.910969,Move,-5.91711,1.941428,-6.718878,0
3.93095,Move,-5.945549,1.892316,-6.814652,0
3.951447,Move,-5.974722,1.83928,-6.912899,0
3.969053,Move,-5.99978,1.782321,-6.997285,0
3.985713,Move,-6.023492,1.721437,-7.077142,0
4.002632,Move,-6.047573,1.656629,-7.158236,0
4.021934,Move,-6.075045,1.587897,-7.250755,0
4.043531,Move,-6.105784,1.515241,-7.354277,0
4.060483,Move,-6.12991,1.438661,-7.435527,0
4.082788,Move,-6.161656,1.358157,-7.542438,0
4.100086,Move,-6.186277,1.273729,-7.625354,0
4.121101,Move,-6.216187,1.185378,-7.726082,0
4.142325,Move,-6.246395,1.093102,-7.827811,0
4.164017,Move,-6.277268,0.9969018,-7.931783,0
4.185625,Move,-6.308026,0.9993804,-8.03536,0
4.205892,Move,-6.336873,0.999876,-8.132505,0
4.22697,Move,-6.366876,0.9999752,-8.233542,0
4.250081,Move,-6.399772,0.9999948,-8.344318,0
4.273842,Move,-6.433595,0.9999989,-8.458213,0
4.294172,Move,-6.462534,0.9999997,-8.555662,0
4.314849,Move,-6.491967,1,-8.654774,0
4.334928,Move,-6.520546,0.9999998,-8.751014,0
4.359657,Move,-6.555738,0.9999999,-8.869553,0
4.381643,Move,-6.58678,0.9999999,-8.975022,0
4.402307,Move,-6.61527,0.9999999,-9.074337,0
4.422618,Move,-6.642188,0.9999999,-9.172265,0
4.445393,Move,-6.670529,0.9999997,-9.282556,0
4.465768,Move,-6.693799,0.9999999,-9.381742,0
4.48694,Move,-6.715365,0.9999999,-9.485381,0
4.508703,Move,-6.734235,0.9999998,-9.592547,0
4.530431,Move,-6.749196,0.9999999,-9.70015,0
4.554237,Move,-6.76054,0.9999999,-9.818629,0
4.576616,Move,-6.765755,1,-9.9304,0
4.597948,Move,-6.766128,1,-10.03705,0
4.618092,Move,-6.762813,1,-10.13772,0
4.63888,Move,-6.756094,1,-10.24144,0
4.661139,Move,-6.745716,1,-10.35226,0
4.682632,Move,-6.733079,0.9999998,-10.45898,0
4.705659,Move,-6.717423,1,-10.57305,0
4.728417,Move,-6.70031,0.9999999,-10.68555,0
4.748859,Move,-6.684049,0.9999999,-10.78647,0
4.77157,Move,-6.665563,0.9999999,-10.89851,0
4.794797,Move,-6.64661,1,-11.01309,0
4.817031,Move,-6.628467,1,-11.12278,0
4.837339,Move,-6.611897,1,-11.22296,0
4.86039,Move,-6.593091,1,-11.33667,0
4.881812,Move,-6.575612,0.9999999,-11.44235,0
4.902618,Move,-6.558635,0.9999999,-11.54499,0
4.923425,Move,-6.541658,0.9999999,-11.64764,0
4.944029,Move,-6.524847,0.9999999,-11.74928,0
4.964331,Move,-6.508282,0.9999999,-11.84943,0
4.985028,Move,-6.491396,0.9999998,-11.95154,0
5.005528,Move,-6.474671,0.9999999,-12.05267,0
5.029475,Move,-6.455134,0.9999999,-12.1708,0
5.050215,Move,-6.438213,0.9999998,-12.27312,0
5.070978,Move,-6.421275,0.9999998,-12.37555,0
5.093155,Move,-6.403183,0.9999999,-12.48495,0
5.115908,Move,-6.384621,0.9999998,-12.59719,0
5.136379,Move,-6.367921,0.9999999,-12.69819,0
5.159963,Move,-6.348681,0.9999999,-12.81453,0
5.180334,Move,-6.332067,0.9999999,-12.91503,0
5.201966,Move,-6.31442,0.9999999,-13.02175,0
5.222816,Move,-6.297412,0.9999999,-13.1246,0
5.246499,Move,-6.278093,0.9999999,-13.24143,0
5.267076,Move,-6.261308,0.9999999,-13.34295,0
5.288514,Move,-6.243822,1,-13.4487,0
5.310766,Move,-6.225671,1,-13.55848,0
5.334106,Move,-6.206633,1,-13.67362,0
5.354539,Move,-6.189967,1,-13.77442,0
5.375273,Move,-6.173055,1,-13.87671,0
5.395594,Move,-6.15648,0.9999999,-13.97696,0
5.415904,Move,-6.139915,1,-14.07715,0
5.436879,Move,-6.122808,1,-14.18063,0
5.457717,Move,-6.105811,1,-14.28343,0
5.477929,Move,-6.089327,1,-14.38314,0
5.498619,Move,-6.072453,1,-14.48521,0
5.51995,Move,-6.055056,0.9999999,-14.59044,0
5.540027,Move,-6.038685,1,-14.68949,0
5.56028,Move,-6.022168,0.9999999,-14.78941,0
5.580449,Move,-6.00572,0.9999999,-14.88891,0
5.60194,Move,-5.988194,0.9999998,-14.99493,0
5.623482,Move,-5.970627,0.9999998,-15.10121,0
5.644646,Move,-5.953367,0.9999999,-15.20562,0
5.667161,Move,-5.935006,0.9999999,-15.31669,0
5.687414,Move,-5.918491,1,-15.4166,0
5.707469,Move,-5.902136,1,-15.51554,0
5.728019,Move,-5.885379,0.9999999,-15.61692,0
5.748026,Move,-5.869065,1,-15.71562,0
5.768805,Move,-5.852122,1,-15.81813,0
5.789349,Move,-5.83537,0.9999999,-15.91949,0
5.810843,Move,-5.817843,0.9999999,-16.02552,0
5.831289,Move,-5.801172,1,-16.12638,0
5.851875,Move,-5.784388,0.9999999,-16.22794,0
5.873045,Move,-5.767125,1,-16.33239,0
5.893769,Move,-5.750229,0.9999999,-16.43463,0
5.914331,Move,-5.733464,1,-16.53607,0
5.9345,Move,-5.717019,1,-16.63557,0
5.955648,Move,-5.699777,1,-16.73991,0
5.976209,Move,-5.683013,0.9999998,-16.84134,0
6.000071,Move,-5.66356,0.9999999,-16.95907,0
6.021529,Move,-5.646066,0.9999999,-17.06493,0
6.044736,Move,-5.627146,0.9999998,-17.17942,0
6.065549,Move,-5.610179,0.9999999,-17.2821,0
6.088168,Move,-5.591739,0.9999999,-17.39369,0
6.111632,Move,-5.572609,0.9999998,-17.50945,0
6.132249,Move,-5.555802,0.9999999,-17.61117,0
6.154438,Move,-5.537714,0.9999998,-17.72063,0
6.163077,Move,-5.530671,1.096076,-17.76326,0
6.180456,Move,-5.516504,1.188228,-17.84899,0
6.203197,Move,-5.497964,1.276456,-17.96117,0
6.220274,Move,-5.484043,1.360759,-18.04542,0
6.241679,Move,-5.466593,1.441139,-18.15101,0
6.260553,Move,-5.451207,1.517595,-18.24412,0
6.281672,Move,-5.43399,1.590127,-18.34831,0
6.303719,Move,-5.416019,1.658735,-18.45707,0
6.320752,Move,-5.402135,1.723419,-18.5411,0
6.341168,Move,-5.385492,1.784179,-18.64182,0
6.363343,Move,-5.367416,1.841015,-18.75121,0
6.381226,Move,-5.35284,1.893927,-18.83943,0
6.401835,Move,-5.33604,1.942915,-18.9411,0
6.422027,Move,-5.319582,1.98798,-19.0407,0
6.442992,Move,-5.302493,2.02912,-19.14413,0
6.464522,Move,-5.284943,2.066336,-19.25034,0
6.484732,Move,-5.26847,2.099628,-19.35004,0
6.505563,Move,-5.251491,2.128996,-19.4528,0
6.525924,Move,-5.234896,2.15444,-19.55324,0
6.545825,Move,-5.218675,2.17596,-19.65142,0
6.566749,Move,-5.20162,2.193556,-19.75464,0
6.587295,Move,-5.184875,2.207228,-19.856,0
6.608106,Move,-5.167912,2.216976,-19.95867,0
6.628213,Move,-5.151524,2.2228,-20.05786,0
6.648913,Move,-5.134652,2.224699,-20.15997,0
6.669251,Move,-5.118076,2.222675,-20.26031,0
6.692897,Move,-5.098804,2.216727,-20.37696,0
6.714395,Move,-5.081284,2.206856,-20.48301,0
6.734708,Move,-5.064728,2.19306,-20.58322,0
6.755662,Move,-5.047651,2.17534,-20.68659,0
6.776033,Move,-5.031049,2.153696,-20.78708,0
6.796231,Move,-5.014587,2.128128,-20.88673,0
6.81772,Move,-4.997074,2.098636,-20.99274,0
6.837844,Move,-4.980674,2.06522,-21.09202,0
6.858701,Move,-4.963676,2.02788,-21.1949,0
6.878518,Move,-4.947526,1.986617,-21.29266,0
6.899065,Move,-4.93078,1.941429,-21.39403,0
6.920615,Move,-4.913217,1.839281,-21.50034,0
6.941198,Move,-4.896444,1.782321,-21.60188,0
6.962243,Move,-4.879293,1.721437,-21.70571,0
6.983494,Move,-4.861976,1.65663,-21.81054,0
7.002771,Move,-4.846267,1.587898,-21.90564,0
7.021106,Move,-4.831326,1.515242,-21.99609,0
7.041287,Move,-4.81488,1.438662,-22.09565,0
7.061899,Move,-4.798084,1.358158,-22.19733,0
7.082185,Move,-4.781553,1.27373,-22.2974,0
7.101093,Move,-4.766145,1.185378,-22.39068,0
7.122307,Move,-4.748859,1.093102,-22.49533,0
7.140393,Move,-4.734121,0.9969025,-22.58455,0
7.161005,Move,-4.717327,0.9993805,-22.68624,0
7.181312,Move,-4.700781,0.9998758,-22.78643,0
7.202386,Move,-4.683609,0.999975,-22.8904,0
7.222752,Move,-4.667015,0.9999948,-22.99088,0
7.243128,Move,-4.650413,0.9999988,-23.09141,0
7.264515,Move,-4.632988,0.9999996,-23.19692,0
7.285267,Move,-4.616081,0.9999997,-23.2993,0
7.305807,Move,-4.599347,0.9999996,-23.40064,0
7.329973,Move,-4.579659,0.9999998,-23.51986,0
7.351247,Move,-4.562328,0.9999998,-23.62482,0
7.373411,Move,-4.544272,1,-23.73417,0
7.398757,Move,-4.523624,0.9999998,-23.85922,0
7.423168,Move,-4.50374,0.9999999,-23.97966,0
7.443356,Move,-4.487296,0.9999999,-24.07926,0
7.465771,Move,-4.469038,0.9999998,-24.18985,0
7.491104,Move,-4.445045,0.9998816,-24.28866,0
7.556461,Move,-4.358004,1.00119,-24.35613,0
8.121624,Move,-4.276815,1.001284,-24.29446,0
8.59974,Move,-4.236433,1.001021,-24.3932,0
8.721789,Move,-4.226305,1.000891,-24.29363,0
8.983074,Move,-4.329949,1.00004,-24.27856,0
9.062383,Move,-4.437201,0.9982899,-24.25826,0
9.527008,Move,-4.527404,0.9995323,-24.21289,0
9.607385,Move,-4.626347,0.9989614,-24.1957,0
9.65339,Move,-4.721779,0.9982881,-24.16267,0
9.692769,Move,-4.823417,0.9979781,-24.1162,0
9.722649,Move,-4.911815,0.9987796,-24.06873,0
9.752119,Move,-5.008081,0.9975597,-24.01137,0
9.777885,Move,-5.099527,0.9967003,-23.9526,0
9.801711,Move,-5.190071,0.9985198,-23.89135,0
9.826257,Move,-5.289115,0.9977691,-23.82195,0
9.85022,Move,-5.386467,0.997085,-23.75219,0
9.874445,Move,-5.484564,0.9963334,-23.68122,0
9.896619,Move,-5.574342,0.995911,-23.61625,0
9.918884,Move,-5.664505,0.9958133,-23.55103,0
9.942852,Move,-5.761571,0.9983953,-23.48084,0
9.967177,Move,-5.860124,0.9976761,-23.40965,0
9.990914,Move,-5.956305,0.9970918,-23.3402,0
10.01625,Move,-6.059007,0.9961973,-23.2661,0
10.04029,Move,-6.156435,0.9983916,-23.19582,0
10.06046,Move,-6.238202,0.9983373,-23.13688,0
10.08056,Move,-6.319726,0.9982721,-23.07813,0
10.10586,Move,-6.42232,0.9975476,-23.00424,0
10.13086,Move,-6.523726,0.9969586,-22.93124,0
10.15467,Move,-6.620328,0.9963984,-22.86172,0
10.17534,Move,-6.704156,0.9967388,-22.80142,0
10.19578,Move,-6.787098,0.9962364,-22.74177,0
10.21972,Move,-6.884272,0.9956369,-22.67192,0
10.23996,Move,-6.966395,0.9960452,-22.61289,0
10.26188,Move,-7.05539,0.9984823,-22.54895,0
10.29044,Move,-7.171295,0.99714,-22.46565,0
10.31191,Move,-7.258205,0.997004,-22.40276,0
10.33289,Move,-7.342694,0.9969181,-22.34062,0
10.35352,Move,-7.425013,0.9969459,-22.27852,0
10.37385,Move,-7.505081,0.997017,-22.21602,0
10.39394,Move,-7.582977,0.9970157,-22.15261,0
10.415,Move,-7.662882,0.9963415,-22.0841,0
10.43605,Move,-7.74061,0.9962628,-22.01323,0
10.45855,Move,-7.820841,0.9961272,-21.93445,0
10.48256,Move,-7.902748,0.998534,-21.84671,0
10.50388,Move,-7.971518,0.9984809,-21.76533,0
10.5285,Move,-8.04568,0.9980392,-21.66718,0
10.54854,Move,-8.101292,0.9980811,-21.58386,0
10.56917,Move,-8.153428,0.9982091,-21.49493,0
10.58974,Move,-8.199723,0.9982839,-21.40311,0
10.61153,Move,-8.2415,0.9981673,-21.30255,0
10.63287,Move,-8.274961,0.9983302,-21.20127,0
10.65399,Move,-8.30057,0.9981285,-21.09888,0
10.6756,Move,-8.318858,0.9982963,-20.9924,0
10.7017,Move,-8.330327,0.9992996,-20.86246,0
10.72826,Move,-8.329744,0.9992976,-20.72973,0
10.75097,Move,-8.319307,0.9994943,-20.61674,0
10.77646,Move,-8.296883,0.9997672,-20.49129,0
10.79764,Move,-8.270661,1.000042,-20.38873,0
10.81813,Move,-8.239146,1.00029,-20.2913,0
10.83849,Move,-8.202326,1.00052,-20.19639,0
10.86292,Move,-8.151755,1.000165,-20.0853,0
10.88855,Move,-8.091895,1.000615,-19.97202,0
10.9086,Move,-8.040868,1.000756,-19.88576,0
10.93468,Move,-7.969795,1.001271,-19.77648,0
10.95482,Move,-7.911757,1.001451,-19.69417,0
10.9749,Move,-7.851665,1.001562,-19.61377,0
10.99974,Move,-7.774809,1.002025,-19.5163,0
11.02274,Move,-7.701684,1.000594,-19.42757,0
11.04378,Move,-7.633566,1.000568,-19.34746,0
11.06623,Move,-7.560013,1.000996,-19.26273,0
11.09167,Move,-7.47614,1.001349,-19.16712,0
11.11456,Move,-7.400567,1.002001,-19.08116,0
11.13728,Move,-7.325571,1.002116,-18.99594,0
11.15986,Move,-7.250964,1.002129,-18.91124,0
11.18278,Move,-7.175219,1.000716,-18.82528,0
11.2053,Move,-7.100719,1.000831,-18.7409,0
11.23319,Move,-7.008363,1.001745,-18.63646,0
11.2535,Move,-6.941048,1.001866,-18.56044,0
11.27435,Move,-6.871909,1.001937,-18.48244,0
11.29576,Move,-6.800899,1.001999,-18.40243,0
11.31829,Move,-6.726068,1.00211,-18.31821,0
11.34284,Move,-6.644568,1.000638,-18.22654,0
11.36411,Move,-6.573818,1.000727,-18.14714,0
11.38438,Move,-6.506354,1.000748,-18.07154,0
11.40541,Move,-6.436329,1.00073,-17.99316,0
11.42545,Move,-6.369541,1.000693,-17.9185,0
11.44666,Move,-6.298808,1.000739,-17.83956,0
11.4687,Move,-6.225218,1.001276,-17.75758,0
11.49364,Move,-6.141856,1.001711,-17.66488,0
11.51389,Move,-6.074109,1.001867,-17.58967,0
11.53509,Move,-6.003134,1.001982,-17.511,0
11.55996,Move,-5.919766,1.002325,-17.41876,0
11.5858,Move,-5.833125,1.000706,-17.32298,0
11.61066,Move,-5.749632,1.001145,-17.23097,0
11.63159,Move,-5.679249,1.001297,-17.15354,0
11.65223,Move,-5.609799,1.001318,-17.07727,0
11.67666,Move,-5.527508,1.001649,-16.98708,0
11.70124,Move,-5.444639,1.000652,-16.89638,0
11.72499,Move,-5.364437,1.00074,-16.80888,0
11.7509,Move,-5.276802,1.001228,-16.7135,0
11.77691,Move,-5.188781,1.001861,-16.61781,0
11.80191,Move,-5.104665,1.000699,-16.52546,0
11.82613,Move,-5.02404,1.001067,-16.43518,0
11.85161,Move,-4.940873,1.001202,-16.33872,0
11.87659,Move,-4.861614,1.001524,-16.24221,0
11.90175,Move,-4.784881,1.000465,-16.14262,0
11.92497,Move,-4.717237,1.000439,-16.04828,0
11.94978,Move,-4.649226,1.000719,-15.94457,0
11.97319,Move,-4.589745,1.000874,-15.84384,0
11.99709,Move,-4.534505,1.000731,-15.73788,0
12.01866,Move,-4.489997,1.00064,-15.63969,0
12.0409,Move,-4.450282,0.9998922,-15.53588,0
12.06196,Move,-4.4188,0.9997992,-15.43546,0
12.08286,Move,-4.394163,0.9996794,-15.33392,0
12.10572,Move,-4.375462,0.9994565,-15.22122,0
12.12749,Move,-4.36588,0.9992532,-15.11284,0
12.1493,Move,-4.364419,0.9990335,-15.00384,0
12.17076,Move,-4.370886,0.998601,-14.89675,0
12.19192,Move,-4.384928,0.9983125,-14.79197,0
12.21539,Move,-4.409404,0.9978608,-14.67727,0
12.23622,Move,-4.438265,0.9973793,-14.57724,0
12.26037,Move,-4.479724,0.9985608,-14.4639,0
12.28134,Move,-4.521601,0.9985269,-14.36782,0
12.30295,Move,-4.570057,0.9983841,-14.27131,0
12.32439,Move,-4.62283,0.9983156,-14.17809,0
12.3466,Move,-4.681842,0.9976212,-14.08408,0
12.37079,Move,-4.750484,0.9972692,-13.98458,0
12.39262,Move,-4.814672,0.9967856,-13.89639,0
12.4172,Move,-4.886415,0.9962953,-13.79674,0
12.44038,Move,-4.953186,0.9982296,-13.70207,0
12.46087,Move,-5.010742,0.9981644,-13.6174,0
12.48257,Move,-5.069983,0.9982092,-13.52659,0
12.50376,Move,-5.124515,0.9965506,-13.43585,0
12.52674,Move,-5.180118,0.9961041,-13.33536,0
12.55273,Move,-5.240347,0.9964265,-13.2203,0
12.56466,Move,-5.266839,1.091086,-13.16691,0
12.58132,Move,-5.302591,1.181303,-13.09177,0
12.60277,Move,-5.346918,1.2671,-12.99418,0
12.62344,Move,-5.388245,1.349112,-12.89951,0
12.64129,Move,-5.423129,1.427543,-12.81745,0
12.66165,Move,-5.462393,1.501794,-12.72356,0
12.68195,Move,-5.50133,1.572136,-12.62994,0
12.70209,Move,-5.539841,1.638576,-12.53694,0
12.7236,Move,-5.580786,1.70095,-12.43759,0
12.74293,Move,-5.617467,1.759639,-12.34824,0
12.76285,Move,-5.655117,1.814347,-12.25611,0
12.78239,Move,-5.69191,1.865176,-12.16567,0
12.80235,Move,-5.729352,1.912041,-12.07322,0
12.82183,Move,-5.765741,1.95504,-11.98297,0
12.84083,Move,-5.801122,1.994169,-11.89485,0
12.86108,Move,-5.838659,2.029249,-11.8009,0
12.88079,Move,-5.875047,2.060467,-11.70942,0
12.90414,Move,-5.91799,2.087384,-11.60091,0
12.92795,Move,-5.961553,2.110337,-11.49021,0
12.95189,Move,-6.00515,2.129361,-11.37883,0
12.97552,Move,-6.047994,2.1445,-11.26878,0
12.99693,Move,-6.086629,2.155954,-11.16903,0
13.01778,Move,-6.124106,2.163548,-11.07183,0
13.04034,Move,-6.164634,2.168945,-10.96665,0
13.06434,Move,-6.207369,2.164457,-10.85462,0
13.08725,Move,-6.247977,2.156165,-10.7476,0
13.11046,Move,-6.288918,2.143926,-10.6391,0
13.13371,Move,-6.329775,2.127764,-10.53031,0
13.15636,Move,-6.369375,2.107749,-10.42429,0
13.18065,Move,-6.411749,2.058083,-10.3106,0
13.20378,Move,-6.451771,2.026264,-10.20223,0
13.22598,Move,-6.490016,1.990621,-10.09809,0
13.24911,Move,-6.529665,1.95097,-9.989535,0
13.27009,Move,-6.565201,1.907628,-9.890903,0
13.28975,Move,-6.597762,1.860525,-9.798246,0
13.30941,Move,-6.62917,1.809548,-9.705138,0
13.32809,Move,-6.657642,1.7548,-9.616292,0
13.3459,Move,-6.683222,1.696278,-9.531074,0
13.3642,Move,-6.707599,1.633873,-9.442954,0
13.38242,Move,-6.729614,1.567651,-9.354644,0
13.40087,Move,-6.749285,1.497604,-9.264565,0
13.42009,Move,-6.766577,1.423725,-9.170125,0
13.44231,Move,-6.782061,1.345935,-9.060228,0
13.46045,Move,-6.790727,1.264627,-8.970037,0
13.48335,Move,-6.795963,1.179448,-8.855733,0
13.50137,Move,-6.795292,1.090731,-8.765779,0
13.52093,Move,-6.789261,0.9983072,-8.668253,0
13.54533,Move,-6.773623,0.9993572,-8.547347,0
13.56887,Move,-6.749214,0.9998975,-8.432335,0
13.59303,Move,-6.715555,1.000297,-8.316406,0
13.61705,Move,-6.674059,1.000797,-8.203811,0
13.64119,Move,-6.625336,1.000173,-8.093559,0
13.66248,Move,-6.576824,1.00041,-7.998918,0
13.68162,Move,-6.529522,1.096721,-7.915821,0
13.70157,Move,-6.476869,1.189364,-7.831254,0
13.72342,Move,-6.415788,1.278468,-7.740794,0
13.74242,Move,-6.360178,1.363449,-7.663912,0
13.76418,Move,-6.294083,1.444977,-7.577687,0
13.78094,Move,-6.241659,1.522017,-7.512434,0
13.80209,Move,-6.174036,1.595803,-7.431318,0
13.82119,Move,-6.111899,1.665441,-7.358978,0
13.84128,Move,-6.045709,1.731341,-7.28359,0
13.86024,Move,-5.982815,1.79318,-7.212884,0
13.88326,Move,-5.906102,1.851701,-7.127225,0
13.90202,Move,-5.843505,1.905683,-7.057603,0
13.92031,Move,-5.782275,1.955683,-6.989809,0
13.94264,Move,-5.707354,2.002362,-6.907269,0
13.96569,Move,-5.629762,2.045236,-6.822269,0
13.98676,Move,-5.558652,2.083904,-6.744694,0
14.0056,Move,-5.494937,2.118325,-6.675496,0
14.02819,Move,-5.418344,2.149391,-6.592699,0
14.05069,Move,-5.341838,2.176533,-6.510445,0
14.07313,Move,-5.265333,2.199753,-6.428556,0
14.095,Move,-5.190603,2.218974,-6.348982,0
14.11756,Move,-5.113233,2.234391,-6.267055,0
14.14011,Move,-5.035946,2.250037,-6.185338,0
14.16198,Move,-4.960593,2.253599,-6.106311,0
14.18444,Move,-4.883025,2.253338,-6.025333,0
14.20698,Move,-4.80495,2.249179,-5.944254,0
14.22984,Move,-4.725584,2.241158,-5.862261,0
14.25294,Move,-4.645137,2.229263,-5.779545,0
14.27717,Move,-4.560562,2.213633,-5.693053,0
14.30101,Move,-4.477291,2.166786,-5.608158,0
14.32084,Move,-4.407714,2.138724,-5.537714,0
14.34007,Move,-4.340132,2.106652,-5.469583,0
14.36274,Move,-4.260198,2.07121,-5.389392,0
14.38242,Move,-4.190717,2.03138,-5.319958,0
14.40606,Move,-4.106951,1.98827,-5.236779,0
14.42644,Move,-4.03464,1.940727,-5.165234,0
14.44711,Move,-3.961132,1.889316,-5.092834,0
14.46532,Move,-3.896246,1.833598,-5.029176,0
14.48561,Move,-3.823771,1.7743,-4.958406,0
14.50172,Move,-3.766166,1.710412,-4.902322,0
14.5207,Move,-3.698109,1.643074,-4.836384,0
14.5436,Move,-3.615815,1.572456,-4.757027,0
14.56066,Move,-3.554403,1.496976,-4.698014,0
14.58423,Move,-3.469335,1.418644,-4.616709,0
14.6025,Move,-3.403296,1.335532,-4.55382,0
14.62461,Move,-3.323204,1.249135,-4.477917,0
14.64072,Move,-3.264734,1.157838,-4.422673,0
14.66429,Move,-3.178832,1.063869,-4.342276,0
14.68316,Move,-3.109535,0.965237,-4.278487,0
14.70417,Move,-3.031549,0.9936538,-4.208335,0
14.72585,Move,-2.949662,1.000281,-4.137519,0
14.74694,Move,-2.868434,1.001556,-4.070473,0
14.77011,Move,-2.777076,1.002416,-3.999559,0
14.7917,Move,-2.68969,1.002899,-3.936411,0
14.81642,Move,-2.586782,1.003916,-3.868325,0
14.83867,Move,-2.491404,1.004847,-3.811496,0
14.8621,Move,-2.388109,1.001205,-3.756775,0
14.88359,Move,-2.290542,1.001554,-3.712296,0
14.90148,Move,-2.207467,1.097305,-3.679783,0
14.92273,Move,-2.106693,1.190197,-3.646858,0
14.94255,Move,-2.010968,1.279004,-3.622231,0
14.96138,Move,-1.918726,1.363805,-3.604784,0
14.98121,Move,-1.820578,1.445147,-3.593211,0
15.00255,Move,-1.714308,1.523194,-3.588809,0
15.02155,Move,-1.619653,1.596748,-3.591741,0
15.04138,Move,-1.52138,1.666737,-3.601847,0
15.06035,Move,-1.428288,1.732608,-3.618106,0
15.0802,Move,-1.332364,1.794881,-3.642052,0
15.10376,Move,-1.221112,1.854432,-3.679339,0
15.12279,Move,-1.133814,1.908601,-3.716335,0
15.1412,Move,-1.052041,1.958606,-3.757787,0
15.16074,Move,-0.968573,2.00497,-3.807738,0
15.18311,Move,-0.8775363,2.048175,-3.872051,0
15.20189,Move,-0.8054271,2.086218,-3.931606,0
15.22472,Move,-0.7235057,2.121352,-4.010518,0
15.24634,Move,-0.6523308,2.151968,-4.091438,0
15.26895,Move,-0.5848297,2.178654,-4.181668,0
15.28948,Move,-0.5302197,2.200572,-4.268174,0
15.31148,Move,-0.4789037,2.218615,-4.365148,0
15.3358,Move,-0.4315391,2.232846,-4.476781,0
15.35697,Move,-0.3985548,2.242055,-4.577072,0
15.3799,Move,-0.371043,2.247279,-4.68815,0
15.40002,Move,-0.3539144,2.240875,-4.786918,0
15.42282,Move,-0.3416197,2.233511,-4.900083,0
15.44662,Move,-0.3365088,2.22195,-5.018776,0
15.47046,Move,-0.3385597,2.206072,-5.137787,0
15.49381,Move,-0.3468364,2.18586,-5.254097,0
15.51422,Move,-0.3586332,2.161171,-5.355344,0
15.5341,Move,-0.3739055,2.132295,-5.45349,0
15.5587,Move,-0.3969662,2.099604,-5.574188,0
15.57808,Move,-0.4179658,2.062483,-5.668695,0
15.59773,Move,-0.4413891,2.021327,-5.764038,0
15.61588,Move,-0.4645724,1.97608,-5.851679,0
15.63718,Move,-0.4932506,1.926962,-5.954136,0
15.65579,Move,-0.5187856,1.87374,-6.041691,0
15.67747,Move,-0.5473288,1.816622,-6.137315,0
15.70056,Move,-0.5759054,1.689863,-6.231452,0
15.72332,Move,-0.602043,1.620862,-6.316808,0
15.74782,Move,-0.6279188,1.547905,-6.400205,0
15.76969,Move,-0.6489962,1.470901,-6.467422,0
15.79108,Move,-0.6677674,1.389906,-6.526499,0
15.8168,Move,-0.6876634,1.304998,-6.588604,0
15.85842,Move,-0.7119241,1.123145,-6.666239,0
15.87878,Move,-0.7207244,1.026295,-6.695955,0
15.88579,Move,-0.7233847,0.9253672,-6.705037,0
16.17729,Move,-0.766354,0.9977592,-6.6439,0
16.22512,Move,-0.8161341,0.9979532,-6.547287,0
16.26155,Move,-0.8753016,0.9981239,-6.459657,0
16.29137,Move,-0.9387602,0.9962763,-6.380449,0
16.32,Move,-1.012509,0.9976805,-6.298935,0
16.34828,Move,-1.09801,0.9962739,-6.213857,0
16.37244,Move,-1.180904,0.9950233,-6.137686,0
16.39517,Move,-1.266119,0.9940769,-6.063857,0
16.41785,Move,-1.353372,0.9927474,-5.991687,0
16.44016,Move,-1.440359,0.9971143,-5.922099,0
16.46247,Move,-1.528297,0.9969872,-5.853675,0
16.48487,Move,-1.617029,0.9960535,-5.785612,0
16.50733,Move,-1.706153,0.9958807,-5.717527,0
16.53116,Move,-1.800607,0.9946294,-5.645164,0
16.55507,Move,-1.8953,0.9934527,-5.572378,0
16.57949,Move,-1.991848,0.9921617,-5.497923,0
16.60168,Move,-2.079419,0.9971246,-5.430008,0
16.62306,Move,-2.163748,0.9971263,-5.364572,0
16.64495,Move,-2.25001,0.9962209,-5.297421,0
16.6658,Move,-2.332118,0.9958422,-5.233401,0
16.68889,Move,-2.423287,0.9957615,-5.162859,0
16.71058,Move,-2.509529,0.9950877,-5.097271,0
16.73525,Move,-2.608108,0.9942997,-5.024621,0
16.7591,Move,-2.699157,0.99283,-4.960406,0
16.7865,Move,-2.797108,0.9963463,-4.895318,0
16.81649,Move,-2.896245,0.9949802,-4.835225,0
16.84588,Move,-2.984665,0.9971643,-4.787427,0
16.88033,Move,-3.076725,0.9981646,-4.745173,0
16.9253,Move,-3.176299,0.997945,-4.710473,0
16.99312,Move,-3.276247,0.9983172,-4.692279,0
17.32357,Move,-3.241517,0.9992699,-4.597494,0
17.37082,Move,-3.200023,0.9988188,-4.500857,0
17.4106,Move,-3.170306,0.9982777,-4.390225,0
17.44006,Move,-3.154502,0.9985543,-4.291362,0
17.46713,Move,-3.145654,0.9978916,-4.188304,0
17.49499,Move,-3.143273,0.9964726,-4.070404,0
17.51797,Move,-3.146819,0.9954307,-3.964421,0
17.54166,Move,-3.15599,0.9976616,-3.847937,0
17.56018,Move,-3.166386,1.090554,-3.755997,0
17.584,Move,-3.183007,1.178471,-3.638182,0
17.60239,Move,-3.198158,1.263333,-3.547574,0
17.62175,Move,-3.215837,1.344021,-3.452455,0
17.64441,Move,-3.238306,1.420095,-3.341503,0
17.66297,Move,-3.257729,1.492983,-3.25086,0
17.6842,Move,-3.280303,1.561417,-3.147215,0
17.70144,Move,-3.298294,1.626712,-3.062974,0
17.7226,Move,-3.3194,1.687371,-2.959438,0
17.74235,Move,-3.337845,1.744425,-2.86251,0
17.76138,Move,-3.354071,1.797757,-2.768826,0
17.78148,Move,-3.369109,1.847059,-2.669557,0
17.80141,Move,-3.381515,1.892577,-2.570718,0
17.82021,Move,-3.390581,1.93449,-2.47729,0
17.8431,Move,-3.397595,1.971978,-2.363114,0
17.86717,Move,-3.399498,2.005618,-2.242896,0
17.88754,Move,-3.396258,2.036126,-2.141225,0
17.90988,Move,-3.387085,2.062726,-2.029972,0
17.93069,Move,-3.372818,2.085896,-1.927026,0
17.95301,Move,-3.350749,2.10535,-1.817736,0
17.97464,Move,-3.322334,2.121347,-1.713542,0
17.99646,Move,-3.286253,2.133848,-1.610723,0
18.01712,Move,-3.244979,2.142931,-1.516173,0
18.03842,Move,-3.195224,2.148538,-1.422186,0
18.06063,Move,-3.135787,2.148713,-1.328694,0
18.08256,Move,-3.070024,2.143559,-1.241159,0
18.10668,Move,-2.989963,2.135149,-1.151244,0
18.13008,Move,-2.905498,2.123319,-1.070577,0
18.15114,Move,-2.824624,2.107786,-1.00348,0
18.17104,Move,-2.744438,2.088553,-0.9449381,0
18.19213,Move,-2.656153,2.065858,-0.8876947,0
18.21514,Move,-2.556458,2.039845,-0.8307295,0
18.23818,Move,-2.453754,2.010228,-0.7790415,0
18.26154,Move,-2.347508,1.935749,-0.7316599,0
18.28011,Move,-2.261518,1.894019,-0.6972373,0
18.30327,Move,-2.152911,1.849402,-0.6579022,0
18.32157,Move,-2.066237,1.800043,-0.6292762,0
18.34406,Move,-1.958944,1.747721,-0.5966315,0
18.36248,Move,-1.870595,1.690717,-0.5716142,0
18.38265,Move,-1.773436,1.630223,-0.54559,0
18.40348,Move,-1.672792,1.565998,-0.5198163,0
18.42057,Move,-1.590132,1.497063,-0.499202,0
18.44324,Move,-1.480375,1.425433,-0.4721778,0
18.46254,Move,-1.386886,1.349152,-0.449332,0
18.48146,Move,-1.29518,1.268872,-0.4271012,0
18.50098,Move,-1.200594,1.184804,-0.4043579,0
18.52282,Move,-1.094633,1.097332,-0.3790765,0
18.5408,Move,-1.007401,1.005095,-0.3584324,0
18.56565,Move,-0.8866403,1.003089,-0.3300155,0
18.58673,Move,-0.7841554,1.002182,-0.306115,0
18.60872,Move,-0.6771712,1.002856,-0.2814992,0
18.62921,Move,-0.5773895,1.002868,-0.2587882,0
18.65112,Move,-0.4706721,1.00297,-0.234783,0
18.67432,Move,-0.3575803,1.004139,-0.2097216,0
18.69567,Move,-0.2534815,1.003894,-0.1868997,0
18.71729,Move,-0.1479885,1.00481,-0.1641214,0
18.73946,Move,-0.03973037,1.005125,-0.1410435,0
18.76036,Move,0.06225801,1.000877,-0.1192152,0
18.78255,Move,0.1705279,1.001173,-0.09596182,0
18.80409,Move,0.2754842,1.001071,-0.07251155,0
18.82648,Move,0.3842531,1.001813,-0.04674691,0
18.8498,Move,0.4970413,1.002716,-0.01777608,0
18.87188,Move,0.6031249,1.002766,0.01224394,0
18.8935,Move,0.7061282,1.003272,0.04452889,0
18.91657,Move,0.8148028,1.00333,0.08277409,0
18.94021,Move,0.9242956,1.000599,0.1266495,0
18.96173,Move,1.022217,1.000435,0.1708743,0
18.98409,Move,1.121652,1.000437,0.2217978,0
19.00655,Move,1.219125,1.000675,0.2772544,0
19.02776,Move,1.309088,1.000578,0.3331969,0
19.04957,Move,1.399642,1.000814,0.3937824,0
19.07218,Move,1.491578,1.00085,0.4593217,0
19.09423,Move,1.579692,1.000994,0.5254154,0
19.11621,Move,1.666248,1.000884,0.5929858,0
19.13774,Move,1.750112,1.001068,0.6602733,0
19.15892,Move,1.832049,1.001,0.7272181,0
19.18051,Move,1.915013,0.9994382,0.7959188,0
19.20393,Move,2.005424,0.9995226,0.8701553,0
19.22674,Move,2.093747,0.9998279,0.9421225,0
19.25035,Move,2.185461,1.000293,1.01622,0
19.27408,Move,2.277925,1.000712,1.090314,0
19.29577,Move,2.362715,1.000997,1.157724,0
19.31731,Move,2.447156,1.001056,1.224388,0
19.34044,Move,2.537819,0.99947,1.295793,0
19.36325,Move,2.62777,0.9995229,1.365673,0
19.38708,Move,2.722033,0.9998881,1.43825,0
19.40988,Move,2.812547,1.000284,1.507338,0
19.43371,Move,2.907412,1.000455,1.579175,0
19.45694,Move,3.000181,1.000846,1.64879,0
19.47999,Collect,3.074028,0.9989681,1.704283,1
19.4806,Move,3.09471,0.9994926,1.71943,1
19.50418,Move,3.189498,0.9995164,1.789242,1
19.52687,Move,3.281054,0.9998562,1.856053,1
19.5507,Move,3.377493,1.00042,1.925714,1
19.57519,Move,3.472531,1.00086,1.993712,1
19.60085,Move,3.564319,0.999232,2.059253,1
19.62647,Move,3.648414,0.999619,2.118196,1
19.65603,Move,3.735928,1.000155,2.178877,1
19.69122,Move,3.826198,0.9996303,2.240988,1
19.73381,Move,3.91552,0.9995849,2.301435,1
19.79398,Move,4.003494,0.9990978,2.360202,1
0,Start,-1.790738E-07,1,9.303034E-08,0
2.447841,Move,0.001460691,0.9999999,-0.1008414,0
2.76787,Move,-0.07747044,1,-0.02990536,0
2.813859,Move,-0.1610783,0.9999999,0.04354809,0
2.849108,Move,-0.2505866,0.9999999,0.1022106,0
2.879316,Move,-0.3453692,1,0.1501929,0
2.905015,Move,-0.43975,1,0.1868685,0
2.931165,Move,-0.5485757,1,0.2181479,0
2.955569,Move,-0.6613104,0.9999998,0.240115,0
2.9783,Move,-0.7738471,0.9999999,0.2526679,0
3.001377,Move,-0.8891488,0.9999999,0.2562544,0
3.025098,Move,-1.00757,0.9999999,0.2502365,0
3.047297,Move,-1.115665,0.9999999,0.2359474,0
3.07063,Move,-1.220316,0.9999999,0.213664,0
3.097814,Move,-1.329642,0.9999999,0.1801296,0
3.125695,Move,-1.427302,1,0.1395482,0
3.156474,Move,-1.518106,1,0.09044858,0
3.194306,Move,-1.605885,0.9999999,0.02853235,0
3.23982,Move,-1.679072,0.9999999,-0.04073666,0
3.318639,Move,-1.738676,0.9999999,-0.126559,0
3.385802,Move,-1.774419,0.9999999,-0.2327869,0
3.42963,Move,-1.789694,1,-0.3413681,0
3.466159,Move,-1.789783,1,-0.4548059,0
3.496202,Move,-1.777699,0.9999999,-0.5625275,0
3.525151,Move,-1.761582,0.9999999,-0.6786709,0
3.550986,Move,-1.746793,0.9999999,-0.7928751,0
3.572063,Move,-1.735193,1,-0.8936551,0
3.595752,Move,-1.723859,1,-1.011544,0
3.61874,Move,-1.715744,0.9999999,-1.126193,0
3.642368,Move,-1.711058,0.9999999,-1.24424,0
3.663009,Move,-1.710548,1,-1.347439,0
3.686996,Move,-1.714761,0.9999999,-1.467287,0
3.707619,Move,-1.723053,0.9999998,-1.570063,0
3.728869,Move,-1.736612,0.9999999,-1.675435,0
3.753158,Move,-1.758891,0.9999999,-1.794802,0
3.775429,Move,-1.786127,0.9999999,-1.902758,0
3.799456,Move,-1.822127,1,-2.01736,0
3.821624,Move,-1.860884,0.9999997,-2.121193,0
3.845178,Move,-1.907071,0.9999999,-2.229518,0
3.867981,Move,-1.956075,0.9999999,-2.332459,0
3.891256,Move,-2.009808,1,-2.435679,0
3.911752,Move,-2.059732,0.9999999,-2.525177,0
3.934303,Move,-2.116948,0.9999999,-2.622334,0
3.956203,Move,-2.174279,0.9999998,-2.715632,0
3.979811,Move,-2.237463,0.9999999,-2.815337,0
4.004563,Move,-2.304644,0.9999999,-2.919279,0
4.021734,Move,-2.351458,1.096076,-2.991246,0
4.040673,Move,-2.403103,1.188228,-3.070621,0
4.060827,Move,-2.458058,1.276456,-3.155084,0
4.083208,Move,-2.519089,1.36076,-3.248884,0
4.100499,Move,-2.566237,1.44114,-3.321349,0
4.122894,Move,-2.627306,1.517596,-3.415209,0
4.142793,Move,-2.681569,1.590128,-3.498607,0
4.162273,Move,-2.734687,1.658736,-3.580246,0
4.182891,Move,-2.79091,1.72342,-3.666657,0
4.202704,Move,-2.844937,1.78418,-3.749694,0
4.221612,Move,-2.896496,1.841016,-3.828937,0
4.242988,Move,-2.954784,1.893928,-3.918522,0
4.262637,Move,-3.008365,1.942916,-4.000872,0
4.283046,Move,-3.064015,1.98798,-4.086403,0
4.30212,Move,-3.115978,2.02912,-4.166375,0
4.324256,Move,-3.174779,2.066336,-4.257728,0
4.346231,Move,-3.228592,2.099628,-4.342999,0
4.369373,Move,-3.280258,2.128996,-4.426795,0
4.395453,Move,-3.332415,2.15444,-4.513527,0
4.42549,Move,-3.385899,2.193556,-4.602629,0
4.460884,Move,-3.441123,2.216976,-4.692167,0
4.505354,Move,-3.49915,2.2247,-4.780292,0
4.569284,Move,-3.559279,2.206857,-4.859977,0
4.66429,Move,-3.58595,2.098637,-4.888426,0
4.720993,Move,-3.58595,1.986617,-4.888426,0
4.782404,Move,-3.585951,1.839282,-4.888426,0
4.82286,Move,-3.585952,1.721438,-4.888426,0
4.862038,Move,-3.585952,1.587898,-4.888426,0
4.90005,Move,-3.585953,1.438662,-4.888426,0
4.941408,Move,-3.585953,1.273731,-4.888427,0
4.983219,Move,-3.585953,1.093103,-4.888427,0
5.980242,Move,-3.546877,1,-4.875212,0
6.046116,Move,-3.446653,0.9999998,-4.841147,0
6.089983,Move,-3.345671,0.9999997,-4.806822,0
6.123331,Move,-3.250653,0.9999998,-4.774525,0
6.15579,Move,-3.143008,0.9999995,-4.737935,0
6.183317,Move,-3.040019,0.9999998,-4.702929,0
6.207113,Move,-2.942284,0.9999998,-4.669707,0
6.231413,Move,-2.83416,0.9999997,-4.632953,0
6.253681,Move,-2.729177,0.9999996,-4.597268,0
6.27833,Move,-2.612492,0.9999996,-4.557604,0
6.302801,Move,-2.49665,0.9999999,-4.518229,0
6.322869,Move,-2.401647,0.9999998,-4.485936,0
6.343194,Move,-2.305429,0.9999998,-4.453231,0
6.366676,Move,-2.19427,0.9999996,-4.415447,0
6.389398,Move,-2.086706,0.9999997,-4.378885,0
6.413278,Move,-1.973658,0.9999997,-4.340459,0
6.437817,Move,-1.862652,0.9999996,-4.302729,0
6.46336,Move,-1.756197,0.9999998,-4.266546,0
6.488705,Move,-1.659731,0.9999996,-4.233757,0
6.519839,Move,-1.553746,0.9999996,-4.197732,0
6.556266,Move,-1.447041,0.9999996,-4.161465,0
6.595984,Move,-1.352291,0.9999996,-4.12926,0
6.65231,Move,-1.256235,0.9999998,-4.096614,0
8.253804,Move,-1.351268,0.9999999,-4.128973,0
9.035467,Move,-1.255024,0.9999999,-4.096306,0
9.085904,Move,-1.152852,0.9999996,-4.061586,0
9.122317,Move,-1.05663,0.9999998,-4.028886,0
9.153172,Move,-0.960232,0.9999997,-3.996126,0
9.180107,Move,-0.8649852,0.9999997,-3.963758,0
9.204567,Move,-0.7696449,0.9999998,-3.931357,0
9.231413,Move,-0.6551215,0.9999997,-3.892437,0
9.25664,Move,-0.5384662,0.9999995,-3.852792,0
9.277616,Move,-0.4391688,0.9999995,-3.819047,0
9.301967,Move,-0.3238888,0.9999998,-3.779871,0
9.32362,Move,-0.2213814,0.9999998,-3.745035,0
9.348794,Move,-0.1022073,0.9999998,-3.704535,0
9.373601,Move,0.01523476,0.9999997,-3.664624,0
9.397942,Move,0.1304646,0.9999995,-3.625465,0
9.41948,Move,0.2324288,0.9999995,-3.590815,0
9.439544,Move,0.3274131,0.9999996,-3.558536,0
9.463188,Move,0.4393447,0.9999998,-3.520499,0
9.487355,Move,0.5537536,0.9999998,-3.48162,0
9.514042,Move,0.6775775,0.9999996,-3.43954,0
9.539787,Move,0.7879581,0.9999996,-3.40203,0
9.567966,Move,0.898114,0.9999998,-3.364597,0
9.59703,Move,0.9998922,0.9999996,-3.330011,0
9.629632,Move,1.099621,0.9999999,-3.296123,0
9.666999,Move,1.195653,0.9999998,-3.26349,0
9.717824,Move,1.294547,0.9999998,-3.229886,0
0,Start,-1.790738E-07,1,9.303034E-08,0
3.195932,Move,-0.08746924,0.9999999,0.05686089,0
3.245802,Move,-0.1880838,0.9999999,0.09320045,0
3.283902,Move,-0.2932292,0.9999999,0.1139639,0
3.316075,Move,-0.4000536,0.9999999,0.1229914,0
3.346281,Move,-0.5149097,0.9999999,0.1223198,0
3.370974,Move,-0.6186346,1,0.1144096,0
3.392911,Move,-0.7179368,0.9999999,0.1013938,0
3.415092,Move,-0.8247313,1,0.08240344,0
3.436006,Move,-0.9268827,1,0.06005643,0
3.456868,Move,-1.027963,1,0.03432122,0
3.477189,Move,-1.125659,0.9999999,0.006413374,0
3.497473,Move,-1.222472,1,-0.02379829,0
3.520831,Move,-1.333201,0.9999999,-0.0609414,0
3.541586,Move,-1.431026,0.9999998,-0.09557217,0
3.562956,Move,-1.531356,0.9999999,-0.1323265,0
3.586519,Move,-1.641718,1,-0.173565,0
3.609764,Move,-1.750523,0.9999999,-0.2144309,0
3.629869,Move,-1.844628,0.9999999,-0.2497763,0
3.651095,Move,-1.943983,0.9999999,-0.2870937,0
3.671738,Move,-2.040607,0.9999999,-0.3233852,0
3.691893,Move,-2.134948,1,-0.3588191,0
3.714475,Move,-2.24065,1,-0.3985203,0
3.735724,Move,-2.340111,1,-0.4358773,0
3.755801,Move,-2.434089,1,-0.4711751,0
3.778086,Move,-2.538399,1,-0.5103536,0
3.799465,Move,-2.63847,0.9999999,-0.5479396,0
3.822435,Move,-2.745988,1,-0.5883226,0
3.845988,Move,-2.856231,1,-0.6297293,0
3.868994,Move,-2.963922,1,-0.6701776,0
3.891323,Move,-3.068438,1,-0.7094331,0
3.911585,Move,-3.16328,0.9999999,-0.7450551,0
3.935555,Move,-3.275478,1,-0.7871959,0
3.957476,Move,-3.378085,0.9999998,-0.8257343,0
3.980608,Move,-3.486361,0.9999999,-0.8664019,0
4.003767,Move,-3.594767,1,-0.9071183,0
4.026509,Move,-3.701218,1,-0.9471006,0
4.043812,Move,-3.782205,1.096076,-0.977519,0
4.062342,Move,-3.868942,1.188228,-1.010097,0
4.080189,Move,-3.952477,1.276456,-1.041472,0
4.103584,Move,-4.061984,1.36076,-1.082602,0
4.120558,Move,-4.141435,1.44114,-1.112443,0
4.140945,Move,-4.236862,1.517596,-1.148285,0
4.16271,Move,-4.338739,1.590128,-1.18655,0
4.180949,Move,-4.42411,1.658736,-1.218615,0
4.204109,Move,-4.532516,1.72342,-1.259331,0
4.220663,Move,-4.610001,1.78418,-1.288434,0
4.24356,Move,-4.717161,1.841016,-1.328734,0
4.26189,Move,-4.80283,1.893928,-1.361302,0
4.280703,Move,-4.89051,1.942916,-1.395354,0
4.301253,Move,-4.985865,1.98798,-1.433631,0
4.321939,Move,-5.081214,2.029119,-1.473718,0
4.342738,Move,-5.17621,2.066335,-1.516018,0
4.363541,Move,-5.270123,2.099627,-1.560728,0
4.384644,Move,-5.363971,2.128995,-1.608947,0
4.406188,Move,-5.45797,2.154439,-1.661551,0
4.427057,Move,-5.54692,2.17596,-1.716091,0
4.449829,Move,-5.641098,2.193556,-1.780056,0
4.469803,Move,-5.720847,2.207228,-1.840163,0
4.49195,Move,-5.805499,2.216976,-1.911522,0
4.515201,Move,-5.889509,2.2228,-1.991855,0
4.535601,Move,-5.958398,2.2247,-2.067052,0
4.558359,Move,-6.029106,2.222676,-2.15618,0
4.579597,Move,-6.088645,2.216728,-2.244082,0
4.600238,Move,-6.140134,2.19306,-2.333505,0
4.620121,Move,-6.183543,2.17534,-2.422925,0
4.640109,Move,-6.220825,2.153697,-2.515625,0
4.661773,Move,-6.253754,2.128129,-2.618796,0
4.684755,Move,-6.280024,2.098637,-2.730639,0
4.704917,Move,-6.295722,2.065221,-2.830199,0
4.72703,Move,-6.304774,2.027881,-2.940364,0
4.747318,Move,-6.305645,1.986617,-3.041781,0
4.768945,Move,-6.298619,1.941429,-3.149665,0
4.790217,Move,-6.283803,1.892318,-3.254964,0
4.811663,Move,-6.260991,1.839282,-3.359716,0
4.83075,Move,-6.23407,1.782322,-3.451262,0
4.851676,Move,-6.197475,1.721438,-3.549263,0
4.86822,Move,-6.163741,1.65663,-3.624781,0
4.885679,Move,-6.123449,1.587898,-3.702205,0
4.901062,Move,-6.0841,1.515242,-3.768282,0
4.922973,Move,-6.022676,1.438662,-3.85898,0
4.941556,Move,-5.965957,1.358158,-3.932563,0
4.963174,Move,-5.895325,1.27373,-4.014361,0
4.98049,Move,-5.835516,1.185379,-4.076952,0
5.001768,Move,-5.75857,1.093103,-4.15041,0
5.022803,Move,-5.679237,0.9969028,-4.219457,0
5.044075,Move,-5.5962,0.9993806,-4.285904,0
5.065432,Move,-5.510419,0.9998761,-4.349496,0
5.089191,Move,-5.412635,0.9999752,-4.41694,0
5.103662,Move,-5.352081,1.096051,-4.456542,0
5.121552,Move,-5.276377,1.188203,-4.504187,0
5.143368,Move,-5.183037,1.276431,-4.560625,0
5.160789,Move,-5.107878,1.360735,-4.60466,0
5.180071,Move,-5.024246,1.441115,-4.652622,0
5.202456,Move,-4.926824,1.517571,-4.707716,0
5.224431,Move,-4.831081,1.590103,-4.761624,0
5.242648,Move,-4.751713,1.658711,-4.80631,0
5.263548,Move,-4.660652,1.723395,-4.85758,0
5.280278,Move,-4.587764,1.784155,-4.898617,0
5.301521,Move,-4.495207,1.840991,-4.950728,0
5.323405,Move,-4.399863,1.893903,-5.00441,0
5.3448,Move,-4.30665,1.942891,-5.056891,0
5.365883,Move,-4.214792,1.987955,-5.108609,0
5.387114,Move,-4.122289,2.029096,-5.16069,0
5.407831,Move,-4.032029,2.066312,-5.211509,0
5.427745,Move,-3.945265,2.099604,-5.260359,0
5.447474,Move,-3.859308,2.128972,-5.308755,0
5.467577,Move,-3.771718,2.154416,-5.35807,0
5.489465,Move,-3.676355,2.175936,-5.411762,0
5.510922,Move,-3.58287,2.193532,-5.464396,0
5.531766,Move,-3.492055,2.207205,-5.515527,0
5.553899,Move,-3.395626,2.216953,-5.569819,0
5.576322,Move,-3.29793,2.222777,-5.624825,0
5.599143,Move,-3.198503,2.224677,-5.680804,0
5.621194,Move,-3.102428,2.216706,-5.734898,0
5.64434,Move,-3.001584,2.206834,-5.791676,0
5.664277,Move,-2.914718,2.193038,-5.840584,0
5.687609,Move,-2.813169,2.175318,-5.898004,0
5.711362,Move,-2.710196,2.153675,-5.957173,0
5.734043,Move,-2.612579,2.128107,-6.014892,0
5.754551,Move,-2.525209,2.098615,-6.068569,0
5.773995,Move,-2.4434,2.065199,-6.121087,0
5.793191,Move,-2.36385,2.027859,-6.174788,0
5.813575,Move,-2.281011,1.986596,-6.234153,0
5.832547,Move,-2.205684,1.941408,-6.291803,0
5.851662,Move,-2.131843,1.892296,-6.352477,0
5.869625,Move,-2.064603,1.83926,-6.412009,0
5.888891,Move,-1.995187,1.7823,-6.478795,0
5.908403,Move,-1.928126,1.721416,-6.549636,0
5.928452,Move,-1.863077,1.656608,-6.625897,0
5.943782,Move,-1.816306,1.587876,-6.68662,0
5.963923,Move,-1.759173,1.51522,-6.769533,0
5.982428,Move,-1.711408,1.43864,-6.848756,0
6.002645,Move,-1.665079,1.358136,-6.938584,0
6.021889,Move,-1.626922,1.273708,-7.026895,0
6.044253,Move,-1.590141,1.185357,-7.132473,0
6.060056,Move,-1.568716,1.093081,-7.208522,0
6.085134,Move,-1.542143,0.9968809,-7.331033,0
6.105978,Move,-1.526643,0.9993764,-7.434092,0
6.129815,Move,-1.515592,0.9998752,-7.552747,0
6.150865,Move,-1.51136,0.9999753,-7.657905,0
6.171233,Move,-1.511632,0.9999952,-7.759744,0
6.184137,Move,-1.513922,1.096071,-7.824225,0
6.203821,Move,-1.520019,1.188223,-7.922448,0
6.224571,Move,-1.529665,1.276451,-8.02575,0
6.241675,Move,-1.539776,1.360755,-8.11067,0
6.264174,Move,-1.555524,1.441135,-8.222055,0
6.280159,Move,-1.568099,1.517591,-8.300987,0
6.301269,Move,-1.586074,1.590124,-8.404991,0
6.322834,Move,-1.605586,1.658732,-8.511043,0
6.341869,Move,-1.623359,1.723416,-8.604543,0
6.362726,Move,-1.643014,1.784176,-8.706959,0
6.381742,Move,-1.660937,1.841012,-8.800329,0
6.401289,Move,-1.679362,1.893924,-8.896317,0
6.420531,Move,-1.697499,1.942912,-8.990802,0
6.444614,Move,-1.720199,1.987976,-9.109062,0
6.465357,Move,-1.739751,2.029116,-9.210918,0
6.488113,Move,-1.7612,2.066332,-9.32266,0
6.512538,Move,-1.784221,2.099624,-9.442593,0
6.531961,Move,-1.80253,2.128992,-9.53797,0
6.555994,Move,-1.825182,2.154436,-9.655978,0
6.576437,Move,-1.844451,2.175956,-9.75636,0
6.596317,Move,-1.86319,2.193552,-9.853983,0
6.619844,Move,-1.885366,2.207224,-9.969509,0
6.640448,Move,-1.904786,2.222796,-10.07068,0
6.664729,Move,-1.927673,2.224696,-10.18991,0
6.687548,Move,-1.949183,2.222672,-10.30196,0
6.711084,Move,-1.971367,2.216725,-10.41753,0
6.731438,Move,-1.990552,2.206853,-10.51748,0
6.752571,Move,-2.010472,2.193057,-10.62125,0
6.773542,Move,-2.03024,2.175337,-10.72423,0
6.793168,Move,-2.048739,2.153693,-10.8206,0
6.813197,Move,-2.067619,2.128125,-10.91895,0
6.833775,Move,-2.087016,2.098633,-11.01999,0
6.853702,Move,-2.105799,2.065217,-11.11784,0
6.875835,Move,-2.126662,2.027877,-11.22652,0
6.896378,Move,-2.146025,1.986614,-11.32739,0
6.920498,Move,-2.168337,1.892314,-11.44352,0
6.941265,Move,-2.186571,1.839278,-11.53698,0
6.965839,Move,-2.207392,1.782319,-11.63932,0
6.98613,Move,-2.224247,1.721435,-11.71689,0
7.012023,Move,-2.245582,1.656627,-11.8067,0
7.035819,Move,-2.265114,1.587895,-11.88018,0
7.060139,Move,-2.284949,1.438659,-11.94618,0
7.090509,Move,-2.309167,1.358155,-12.01562,0
7.121719,Move,-2.332186,1.185376,-12.07222,0
7.149992,Move,-2.349846,1.0931,-12.11108,0
7.176876,Move,-2.362826,0.9969003,-12.1376,0
0,Start,-1.790738E-07,1,9.303034E-08,0
2.534546,Move,-0.04359743,0.9999999,0.09542789,0
2.583903,Move,-0.1069631,0.9999999,0.1804222,0
2.621863,Move,-0.1820109,0.9999999,0.2557419,0
2.652376,Move,-0.2602914,0.9999999,0.3197718,0
2.680052,Move,-0.345513,0.9999999,0.3791078,0
2.706594,Move,-0.4399208,1,0.4362543,0
2.731406,Move,-0.5392849,0.9999999,0.4893742,0
2.752413,Move,-0.6316792,0.9999999,0.5338768,0
2.774013,Move,-0.7305207,0.9999999,0.5773897,0
2.796532,Move,-0.8349044,1,0.6195842,0
2.820189,Move,-0.9457064,1,0.6609928,0
2.845638,Move,-1.06586,1,0.7028732,0
2.8679,Move,-1.171496,0.9999999,0.7379602,0
2.888026,Move,-1.267263,0.9999999,0.7688525,0
2.911366,Move,-1.378467,0.9999999,0.8042589,0
2.933845,Move,-1.485578,0.9999998,0.8383129,0
2.956635,Move,-1.59417,0.9999999,0.8728378,0
2.97876,Move,-1.6996,0.9999999,0.9063575,0
3.00245,Move,-1.812479,0.9999999,0.9422458,0
3.025417,Move,-1.921919,0.9999998,0.9770405,0
3.048696,Move,-2.032844,0.9999998,1.012307,0
3.068705,Move,-2.128185,0.9999999,1.042619,0
3.091696,Move,-2.237741,0.9999999,1.077451,0
3.114126,Move,-2.34462,0.9999999,1.111431,0
3.13611,Move,-2.449371,1,1.144736,0
3.159715,Move,-2.561851,1,1.180497,0
3.182257,Move,-2.669269,1,1.214649,0
3.204265,Move,-2.774136,0.9999999,1.247989,0
3.224286,Move,-2.869534,1,1.27832,0
3.247253,Move,-2.978976,1,1.313116,0
3.267707,Move,-3.076439,1,1.344103,0
3.289788,Move,-3.181653,1,1.377554,0
3.311737,Move,-3.286245,0.9999999,1.410807,0
3.334582,Move,-3.395102,1,1.445417,0
3.356279,Move,-3.498487,1,1.478287,0
3.379561,Move,-3.609429,0.9999999,1.513559,0
3.400103,Move,-3.707311,1,1.544679,0
3.422242,Move,-3.812805,0.9999998,1.57822,0
3.444445,Move,-3.918605,0.9999998,1.611857,0
3.46607,Move,-4.021646,0.9999999,1.644618,0
3.48813,Move,-4.126764,1,1.678039,0
3.508244,Move,-4.222607,0.9999999,1.70851,0
3.530613,Move,-4.329201,0.9999999,1.7424,0
3.55335,Move,-4.43286,0.9999999,1.775357,0
3.576138,Move,-4.529697,0.9999999,1.806144,0
3.603028,Move,-4.634195,0.9999999,1.839595,0
3.631462,Move,-4.733287,0.9999999,1.872302,0
3.665808,Move,-4.836984,0.9999999,1.908822,0
3.705377,Move,-4.934488,0.9999999,1.947185,0
3.759676,Move,-5.029833,1,1.992113,0
3.901147,Move,-4.950219,0.9999999,1.925773,0
3.947806,Move,-4.877349,0.9999999,1.850103,0
3.98512,Move,-4.811535,0.9999999,1.765128,0
4.018108,Move,-4.752415,1,1.669415,0
4.026052,Move,-4.73857,1.096076,1.643332,0
4.040213,Move,-4.714635,1.188228,1.59374,0
4.061472,Move,-4.680777,1.276456,1.512254,0
4.080766,Move,-4.652631,1.36076,1.431105,0
4.103905,Move,-4.622749,1.44114,1.324715,0
4.121334,Move,-4.60351,1.517596,1.239745,0
4.14292,Move,-4.584417,1.590128,1.133524,0
4.162036,Move,-4.571659,1.658736,1.038805,0
4.180081,Move,-4.562834,1.72342,0.9490154,0
4.202648,Move,-4.555775,1.78418,0.8364114,0
4.223019,Move,-4.55274,1.841016,0.734602,0
4.241413,Move,-4.552303,1.893928,0.6426354,0
4.2612,Move,-4.553932,1.942916,0.5437139,0
4.283394,Move,-4.557815,1.98798,0.4328144,0
4.302377,Move,-4.562465,2.02912,0.3380144,0
4.322697,Move,-4.568371,2.066336,0.2365896,0
4.343066,Move,-4.574812,2.099628,0.1349486,0
4.365709,Move,-4.582102,2.128996,0.02196424,0
4.385087,Move,-4.588342,2.15444,-0.07472104,0
4.406927,Move,-4.595373,2.17596,-0.1836937,0
4.429087,Move,-4.602508,2.193556,-0.2942661,0
4.452362,Move,-4.610002,2.207228,-0.410397,0
4.473691,Move,-4.616869,2.216976,-0.516821,0
4.496749,Move,-4.624293,2.2228,-0.6318721,0
4.520282,Move,-4.631871,2.222676,-0.7492955,0
4.541038,Move,-4.638553,2.216728,-0.8528575,0
4.564181,Move,-4.646005,2.206856,-0.9683331,0
4.585644,Move,-4.652938,2.193061,-1.075422,0
4.608428,Move,-4.660666,2.175341,-1.189076,0
4.630315,Move,-4.669001,2.153697,-1.298197,0
4.651992,Move,-4.678678,2.128129,-1.406149,0
4.671227,Move,-4.688887,2.098637,-1.50178,0
4.690753,Move,-4.701205,2.065221,-1.598624,0
4.712482,Move,-4.71766,2.027881,-1.706013,0
4.733255,Move,-4.736565,1.986617,-1.80814,0
4.75208,Move,-4.756787,1.941429,-1.900065,0
4.772304,Move,-4.78216,1.892317,-1.997937,0
4.79195,Move,-4.810745,1.839281,-2.091911,0
4.810499,Move,-4.84157,1.782322,-2.179379,0
4.826573,Move,-4.871551,1.721438,-2.253942,0
4.845457,Move,-4.910799,1.65663,-2.339806,0
4.860869,Move,-4.946226,1.587898,-2.408234,0
4.880533,Move,-4.996013,1.515242,-2.493,0
4.901751,Move,-5.055714,1.438662,-2.580669,0
4.921483,Move,-5.116776,1.358158,-2.658144,0
4.94066,Move,-5.181085,1.27373,-2.729244,0
4.96321,Move,-5.262572,1.185379,-2.807135,0
4.982752,Move,-5.337967,1.093103,-2.869255,0
5.001339,Move,-5.412526,0.9969028,-2.922651,0
5.024842,Move,-5.505458,0.9993806,-2.979584,0
5.048375,Move,-5.59546,0.999876,-3.025034,0
5.074848,Move,-5.69156,0.9999751,-3.063502,0
5.105843,Move,-5.795148,0.9999989,-3.093378,0
5.139696,Move,-5.895033,0.9999996,-3.110349,0
5.185231,Move,-6.004082,0.9999999,-3.113814,0
5.250335,Move,-6.104798,1,-3.098247,0
5.446054,Move,-6.045805,1,-3.182141,0
5.490744,Move,-5.989531,0.9999999,-3.270916,0
5.52503,Move,-5.943726,1,-3.360929,0
5.554742,Move,-5.90355,1,-3.454429,0
5.581102,Move,-5.868076,0.9999999,-3.549408,0
5.607921,Move,-5.832349,0.9999999,-3.657527,0
5.630371,Move,-5.802691,1,-3.756789,0
5.651103,Move,-5.775432,1,-3.85525,0
5.674857,Move,-5.745505,1,-3.970186,0
5.695778,Move,-5.720212,1,-4.071692,0
5.71598,Move,-5.696276,1,-4.169825,0
5.738595,Move,-5.66959,1,-4.279708,0
5.759552,Move,-5.644862,1,-4.381536,0
5.77992,Move,-5.62083,1,-4.480497,0
5.80352,Move,-5.592985,0.9999999,-4.595169,0
5.824278,Move,-5.568491,1,-4.69603,0
5.846072,Move,-5.542776,1,-4.801923,0
5.868666,Move,-5.516117,1,-4.911701,0
5.893456,Move,-5.486867,1,-5.032151,0
5.913603,Move,-5.463096,1,-5.130044,0
5.938006,Move,-5.434302,1,-5.248619,0
5.961255,Move,-5.406809,1,-5.361563,0
5.981598,Move,-5.382334,0.9999999,-5.460295,0
6.002997,Move,-5.355674,0.9999999,-5.563914,0
6.027062,Move,-5.323936,1,-5.679979,0
6.048276,Move,-5.29394,0.9999999,-5.781722,0
6.071387,Move,-5.258935,1,-5.890331,0
6.09692,Move,-5.219203,1,-6.001033,0
6.125109,Move,-5.174332,0.9999999,-6.110569,0
6.15296,Move,-5.129256,0.9999999,-6.205702,0
6.183835,Move,-5.07915,0.9999999,-6.295857,0
6.222826,Move,-5.01753,1,-6.3866,0
6.27286,Move,-4.946212,0.9999999,-6.466906,0
6.370716,Move,-4.864429,0.9999999,-6.526009,0
6.786414,Move,-4.797996,0.9999996,-6.448016,0
6.83656,Move,-4.74838,0.9999993,-6.353793,0
6.874551,Move,-4.708837,0.9999991,-6.255572,0
6.905989,Move,-4.676529,0.9999994,-6.156783,0
6.933148,Move,-4.649474,0.999999,-6.058721,0
6.958942,Move,-4.624645,0.9999986,-5.954816,0
6.983869,Move,-4.601479,0.9999994,-5.845177,0
7.00978,Move,-4.580533,0.9999991,-5.735411,0
7.037073,Move,-4.561905,0.9999988,-5.630136,0
7.068677,Move,-4.543468,0.9999992,-5.521867,0
7.104232,Move,-4.525795,0.9999995,-5.417717,0
7.148573,Move,-4.508186,0.9999996,-5.313937,0
7.213548,Move,-4.491307,0.9999995,-5.214458,0
7.664635,Move,-4.47427,0.9999998,-5.113795,0
7.721414,Move,-4.457043,0.9999997,-5.012245,0
7.761416,Move,-4.440057,0.9999995,-4.912126,0
7.794914,Move,-4.422736,0.999999,-4.810048,0
7.827002,Move,-4.403495,0.9999993,-4.696645,0
7.853147,Move,-4.385895,0.9999989,-4.592921,0
7.877617,Move,-4.367895,0.9999986,-4.486832,0
7.901698,Move,-4.3487,0.9999993,-4.373698,0
7.924972,Move,-4.329237,0.9999993,-4.258998,0
7.946918,Move,-4.310881,0.9999992,-4.150818,0
7.968212,Move,-4.293153,0.999999,-4.045837,0
7.991408,Move,-4.274421,0.999999,-3.931379,0
8.012461,Move,-4.258482,0.9999989,-3.827335,0
8.03509,Move,-4.243064,0.9999987,-3.715244,0
8.058008,Move,-4.229808,0.9999986,-3.601428,0
8.080629,Move,-4.219694,0.9999995,-3.488785,0
8.104335,Move,-4.21295,0.9999993,-3.370456,0
8.127199,Move,-4.210804,0.9999993,-3.256164,0
8.150262,Move,-4.213635,0.9999991,-3.140893,0
8.173933,Move,-4.22244,0.9999989,-3.022882,0
8.194268,Move,-4.235284,0.999999,-2.922033,0
8.216432,Move,-4.255391,0.999999,-2.813071,0
8.225413,Move,-4.265442,1.096075,-2.769302,0
8.241563,Move,-4.286366,1.188226,-2.691323,0
8.261343,Move,-4.317243,1.276454,-2.597381,0
8.280478,Move,-4.352859,1.360757,-2.508596,0
8.303054,Move,-4.402301,1.441136,-2.407154,0
8.325132,Move,-4.458339,1.517592,-2.312071,0
8.340031,Move,-4.50018,1.590124,-2.250448,0
8.361053,Move,-4.56402,1.658732,-2.166964,0
8.380581,Move,-4.627927,1.723416,-2.093162,0
8.403106,Move,-4.706507,1.784176,-2.012502,0
8.422351,Move,-4.777286,1.841012,-1.947322,0
8.441453,Move,-4.850413,1.893924,-1.885892,0
8.461394,Move,-4.929411,1.942912,-1.825072,0
8.48118,Move,-5.010096,1.987976,-1.767833,0
8.503944,Move,-5.105301,2.029116,-1.705469,0
8.523776,Move,-5.189983,2.066332,-1.653883,0
8.546144,Move,-5.287051,2.099624,-1.598333,0
8.565902,Move,-5.373899,2.128992,-1.551258,0
8.588978,Move,-5.476332,2.154436,-1.498152,0
8.609464,Move,-5.567932,2.175957,-1.452315,0
8.631728,Move,-5.667889,2.193553,-1.403315,0
8.655157,Move,-5.773289,2.207225,-1.352188,0
8.679054,Move,-5.880817,2.216973,-1.300082,0
8.702088,Move,-5.984459,2.224697,-1.249859,0
8.722304,Move,-6.075421,2.222673,-1.205774,0
8.743586,Move,-6.171069,2.216725,-1.159157,0
8.765369,Move,-6.268658,2.206853,-1.110778,0
8.788373,Move,-6.371073,2.193058,-1.058431,0
8.81153,Move,-6.473197,2.175338,-1.003876,0
8.834563,Move,-6.573462,2.153694,-0.9472218,0
8.857966,Move,-6.673593,2.128126,-0.8866777,0
8.877898,Move,-6.757141,2.098634,-0.832359,0
8.90002,Move,-6.847588,2.027878,-0.7687052,0
8.921197,Move,-6.93153,1.986614,-0.7041722,0
8.942097,Move,-7.011361,1.941426,-0.6367555,0
8.963075,Move,-7.087996,1.892314,-0.5651544,0
8.980394,Move,-7.148234,1.839278,-0.5029511,0
9.001566,Move,-7.217649,1.782318,-0.4230472,0
9.022039,Move,-7.279811,1.721434,-0.3417359,0
9.043934,Move,-7.340154,1.656626,-0.2504275,0
9.062813,Move,-7.385281,1.587894,-0.1714,0
9.080941,Move,-7.422197,1.515238,-0.09772819,0
9.100101,Move,-7.454948,1.438658,-0.02289494,0
9.122112,Move,-7.485694,1.358153,0.05863726,0
9.141212,Move,-7.507154,1.273725,0.125041,0
9.162953,Move,-7.526536,1.185372,0.1952488,0
9.181607,Move,-7.539495,1.093096,0.2505744,0
9.201846,Move,-7.550362,0.9968954,0.3052003,0
9.246581,Move,-7.565666,0.9998755,0.4054735,0
9.320195,Move,-7.575528,0.9999997,0.506472,0
0,Start,-1.790738E-07,1,9.303034E-08,0
1.28289,Move,-0.04963077,0.9999999,0.09031504,0
1.332806,Move,-0.116733,0.9999999,0.1730869,0
1.372814,Move,-0.1896522,0.9999999,0.2584889,0
1.40501,Move,-0.2581459,0.9999999,0.3416139,0
1.434895,Move,-0.3282674,0.9999999,0.4314231,0
1.462001,Move,-0.3957865,0.9999999,0.5240486,0
1.488252,Move,-0.4592675,0.9999999,0.6185877,0
1.512799,Move,-0.5147561,0.9999999,0.7094618,0
1.540089,Move,-0.5711053,1,0.8135573,0
1.565668,Move,-0.6180162,1,0.9141009,0
1.592607,Move,-0.6602345,0.9999999,1.023043,0
1.616682,Move,-0.691182,0.9999999,1.124088,0
1.640714,Move,-0.7163582,0.9999999,1.234341,0
1.661334,Move,-0.7317799,0.9999999,1.335846,0
1.681341,Move,-0.7398384,0.9999999,1.435538,0
1.703148,Move,-0.7406044,0.9999998,1.544545,0
1.726781,Move,-0.7319906,0.9999999,1.662367,0
1.747131,Move,-0.7169326,0.9999999,1.762974,0
1.768691,Move,-0.6931944,0.9999999,1.868101,0
1.789729,Move,-0.6624881,1,1.968689,0
1.810493,Move,-0.6250352,0.9999999,2.065497,0
1.832795,Move,-0.5770637,0.9999999,2.166135,0
1.854543,Move,-0.5229067,1,2.260396,0
1.875754,Move,-0.4633514,0.9999999,2.348128,0
1.899657,Move,-0.3885869,0.9999999,2.441327,0
1.922462,Move,-0.3102905,1,2.524184,0
1.945628,Move,-0.2256771,0.9999999,2.600466,0
1.970869,Move,-0.1338133,1,2.67033,0
1.996619,Move,-0.04248299,0.9999999,2.72772,0
2.023686,Move,0.04781835,0.9999999,2.77652,0
2.05669,Move,0.1447682,0.9999999,2.829319,0
2.093341,Move,0.2347171,0.9999999,2.880455,0
2.139282,Move,0.3207397,0.9999999,2.933751,0
2.335786,Move,0.2705141,0.9999998,2.838705,0
2.37551,Move,0.2260017,0.9999999,2.747542,0
2.411269,Move,0.1871106,0.9999999,2.642581,0
2.443988,Move,0.148173,0.9999998,2.530106,0
2.470831,Move,0.1111898,0.9999999,2.426964,0
2.494654,Move,0.07369815,0.9999999,2.327596,0
2.51952,Move,0.02883116,1,2.216333,0
2.540955,Move,-0.0139096,1,2.118052,0
2.563509,Move,-0.0620789,1,2.016095,0
2.587075,Move,-0.1164367,0.9999998,1.911562,0
2.609738,Move,-0.1730253,1,1.813403,0
2.632469,Move,-0.2344754,1,1.717802,0
2.654667,Move,-0.2990623,0.9999999,1.628396,0
2.678089,Move,-0.3683999,1,1.543293,0
2.70155,Move,-0.4375083,0.9999999,1.468674,0
2.722604,Move,-0.4981327,1.096076,1.410113,0
2.742749,Move,-0.554065,1.188228,1.360904,0
2.761117,Move,-0.6026665,1.276456,1.321528,0
2.781092,Move,-0.6524742,1.36076,1.284016,0
2.802505,Move,-0.7017501,1.44114,1.249516,0
2.83109,Move,-0.76016,1.517596,1.211605,0
2.862516,Move,-0.8135628,1.658736,1.179491,0
2.902691,Move,-0.8642734,1.78418,1.150884,0
2.944335,Move,-0.8948237,1.893928,1.134307,0
3.003596,Move,-0.9028033,2.02912,1.130006,0
3.082018,Move,-0.9028035,2.154441,1.130007,0
3.404175,Move,-0.9028045,2.027886,1.130011,0
3.463549,Move,-0.9028047,1.892322,1.130011,0
3.501435,Move,-0.9028048,1.782326,1.130012,0
3.542045,Move,-0.9028049,1.656635,1.130012,0
3.580886,Move,-0.902805,1.515247,1.130012,0
3.624039,Move,-0.9028051,1.358163,1.130013,0
3.662808,Move,-0.9028053,1.185383,1.130013,0
3.704417,Move,-0.9028054,0.9969076,1.130013,0
